Week Start,Week End,Category,Transaction Count,Transaction Value SAR,Average Ticket SAR
2025-06-29,2025-07-05,"Apparel, Clothing & Accessories",7558000,947204000,125.32468907118285
2025-06-29,2025-07-05,Bakeries & Pastries,5100000,241463000,47.3456862745098
2025-06-29,2025-07-05,Construction & Building Materials,2361000,420494000,178.09995764506564
2025-06-29,2025-07-05,Education,168000,154220000,917.9761904761905
2025-06-29,2025-07-05,Electronic & Electric Devices,1833000,202112000,110.26295690125477
2025-06-29,2025-07-05,Food & Beverages,51918000,2126081000,40.95074925844601
2025-06-29,2025-07-05,Furniture & Home Supplies,2582000,520851000,201.7238574748257
2025-06-29,2025-07-05,Gas Stations,16986000,974944000,57.39691510655834
2025-06-29,2025-07-05,Health,11179000,1052044000,94.10895428929243
2025-06-29,2025-07-05,Hotels,802000,260741000,325.11346633416457
2025-06-29,2025-07-05,Jewelry,322000,358900000,1114.5962732919254
2025-06-29,2025-07-05,Laundry Services,3042000,58408000,19.20052596975674
2025-06-29,2025-07-05,Others,40112000,2352795000,58.655639210211405
2025-06-29,2025-07-05,Professional & Business Services,16752000,1233748000,73.64780324737345
2025-06-29,2025-07-05,Public Utilities & Services,740000,56917000,76.91486486486487
2025-06-29,2025-07-05,Recreation & Culture,3197000,377133000,117.96465436346575
2025-06-29,2025-07-05,Restaurants & Cafés,56337000,1712089000,30.39013436995225
2025-06-29,2025-07-05,Telecommunication,3512000,179840000,51.207289293849655
2025-06-29,2025-07-05,Transportation,5988000,1069246000,178.56479625918504
2025-07-06,2025-07-12,"Apparel, Clothing & Accessories",7221000,875618000,121.25993629691179
2025-07-06,2025-07-12,Bakeries & Pastries,4958000,224417000,45.26361436062928
2025-07-06,2025-07-12,Construction & Building Materials,2324000,406179000,174.77581755593803
2025-07-06,2025-07-12,Education,156000,112973000,724.1858974358975
2025-07-06,2025-07-12,Electronic & Electric Devices,1621000,181412000,111.91363355953115
2025-07-06,2025-07-12,Food & Beverages,50562000,1848794000,36.56489062932637
2025-07-06,2025-07-12,Furniture & Home Supplies,2465000,489008000,198.38052738336714
2025-07-06,2025-07-12,Gas Stations,16783000,949802000,56.59310016087708
2025-07-06,2025-07-12,Health,10606000,957593000,90.28785593060532
2025-07-06,2025-07-12,Hotels,839000,281566000,335.59713945172825
2025-07-06,2025-07-12,Jewelry,292000,331300000,1134.5890410958905
2025-07-06,2025-07-12,Laundry Services,2864000,50081000,17.486382681564248
2025-07-06,2025-07-12,Others,39086000,2136916000,54.672158829248325
2025-07-06,2025-07-12,Professional & Business Services,14962000,1054964000,70.50955754578266
2025-07-06,2025-07-12,Public Utilities & Services,693000,48432000,69.88744588744589
2025-07-06,2025-07-12,Recreation & Culture,3064000,338625000,110.51729765013054
2025-07-06,2025-07-12,Restaurants & Cafés,56149000,1696484000,30.213966410799838
2025-07-06,2025-07-12,Telecommunication,3284000,151884000,46.249695493300855
2025-07-06,2025-07-12,Transportation,5643000,992172000,175.8234981392876
2025-07-13,2025-07-19,"Apparel, Clothing & Accessories",6331000,765638000,120.93476543989891
2025-07-13,2025-07-19,Bakeries & Pastries,4654000,201614000,43.32058444348947
2025-07-13,2025-07-19,Construction & Building Materials,2224000,400301000,179.99145683453239
2025-07-13,2025-07-19,Education,146000,107315000,735.0342465753424
2025-07-13,2025-07-19,Electronic & Electric Devices,1537000,168648000,109.72543916720885
2025-07-13,2025-07-19,Food & Beverages,49127000,1727017000,35.154131129521446
2025-07-13,2025-07-19,Furniture & Home Supplies,2309000,462340000,200.23386747509744
2025-07-13,2025-07-19,Gas Stations,16231000,904915000,55.75226418581726
2025-07-13,2025-07-19,Health,9791000,872878000,89.15105709324891
2025-07-13,2025-07-19,Hotels,822000,287436000,349.6788321167883
2025-07-13,2025-07-19,Jewelry,255000,291554000,1143.349019607843
2025-07-13,2025-07-19,Laundry Services,2633000,45018000,17.097607292062285
2025-07-13,2025-07-19,Others,37150000,1960974000,52.78530282637954
2025-07-13,2025-07-19,Professional & Business Services,13976000,963091000,68.9103463079565
2025-07-13,2025-07-19,Public Utilities & Services,666000,44800000,67.26726726726727
2025-07-13,2025-07-19,Recreation & Culture,2857000,302612000,105.91949597479874
2025-07-13,2025-07-19,Restaurants & Cafés,53700000,1586841000,29.550111731843575
2025-07-13,2025-07-19,Telecommunication,3096000,133150000,43.00710594315245
2025-07-13,2025-07-19,Transportation,5227000,967369000,185.0715515592118
2025-07-20,2025-07-26,"Apparel, Clothing & Accessories",6130000,748690000,122.13539967373572
2025-07-20,2025-07-26,Bakeries & Pastries,4465000,191873000,42.972676371780516
2025-07-20,2025-07-26,Construction & Building Materials,2155000,386968000,179.5675174013921
2025-07-20,2025-07-26,Education,140000,111180000,794.1428571428571
2025-07-20,2025-07-26,Electronic & Electric Devices,1444000,165142000,114.36426592797784
2025-07-20,2025-07-26,Food & Beverages,47910000,1696153000,35.40290127322062
2025-07-20,2025-07-26,Furniture & Home Supplies,2217000,443616000,200.0974289580514
2025-07-20,2025-07-26,Gas Stations,16103000,886364000,55.04340806060983
2025-07-20,2025-07-26,Health,9372000,837151000,89.32469056764832
2025-07-20,2025-07-26,Hotels,811000,291074000,358.9075215782984
2025-07-20,2025-07-26,Jewelry,245000,281474000,1148.873469387755
2025-07-20,2025-07-26,Laundry Services,2487000,43493000,17.488138319260152
2025-07-20,2025-07-26,Others,35395000,1889418000,53.38092950981777
2025-07-20,2025-07-26,Professional & Business Services,13576000,931206000,68.59207424867414
2025-07-20,2025-07-26,Public Utilities & Services,643000,42820000,66.5940902021773
2025-07-20,2025-07-26,Recreation & Culture,3145000,297346000,94.54562798092209
2025-07-20,2025-07-26,Restaurants & Cafés,52123000,1548730000,29.712986589413504
2025-07-20,2025-07-26,Telecommunication,3076000,131861000,42.86768530559168
2025-07-20,2025-07-26,Transportation,5020000,945762000,188.3988047808765
2025-07-27,2025-08-02,"Apparel, Clothing & Accessories",9211000,1118598000,121.44153729236783
2025-07-27,2025-08-02,Bakeries & Pastries,5256000,251903000,47.926750380517504
2025-07-27,2025-08-02,Construction & Building Materials,2562000,442082000,172.55347384855583
2025-07-27,2025-08-02,Education,166000,190034000,1144.7831325301204
2025-07-27,2025-08-02,Electronic & Electric Devices,1766000,194603000,110.19422423556058
2025-07-27,2025-08-02,Food & Beverages,54635000,2344124000,42.90517067813673
2025-07-27,2025-08-02,Furniture & Home Supplies,2868000,552452000,192.62622036262204
2025-07-27,2025-08-02,Gas Stations,18463000,1097439000,59.439906840708446
2025-07-27,2025-08-02,Health,11057000,1028683000,93.03454824997739
2025-07-27,2025-08-02,Hotels,1016000,353511000,347.94389763779526
2025-07-27,2025-08-02,Jewelry,331000,377907000,1141.7129909365558
2025-07-27,2025-08-02,Laundry Services,3259000,67574000,20.73458115986499
2025-07-27,2025-08-02,Others,42346000,2627222000,62.04179851697917
2025-07-27,2025-08-02,Professional & Business Services,16279000,1197461000,73.55863382271639
2025-07-27,2025-08-02,Public Utilities & Services,767000,54845000,71.50586701434159
2025-07-27,2025-08-02,Recreation & Culture,4003000,398845000,99.63652260804396
2025-07-27,2025-08-02,Restaurants & Cafés,59637000,1902222000,31.896674883042408
2025-07-27,2025-08-02,Telecommunication,3798000,193823000,51.03291205897841
2025-07-27,2025-08-02,Transportation,6616000,1212917000,183.33086457073762
2025-08-03,2025-08-09,"Apparel, Clothing & Accessories",8378000,998901000,119.22905227978038
2025-08-03,2025-08-09,Bakeries & Pastries,4928000,221732000,44.99431818181818
2025-08-03,2025-08-09,Construction & Building Materials,2447000,409450000,167.3273395995096
2025-08-03,2025-08-09,Education,161000,251786000,1563.888198757764
2025-08-03,2025-08-09,Electronic & Electric Devices,1641000,174837000,106.54296160877514
2025-08-03,2025-08-09,Food & Beverages,51976000,1927744000,37.08911805448668
2025-08-03,2025-08-09,Furniture & Home Supplies,2608000,489296000,187.61349693251535
2025-08-03,2025-08-09,Gas Stations,17226000,993775000,57.69040984558226
2025-08-03,2025-08-09,Health,9862000,881566000,89.39018454674508
2025-08-03,2025-08-09,Hotels,989000,349972000,353.8645096056623
2025-08-03,2025-08-09,Jewelry,293000,315067000,1075.3139931740614
2025-08-03,2025-08-09,Laundry Services,2914000,52588000,18.046671242278656
2025-08-03,2025-08-09,Others,39414000,2245133000,56.96283046633176
2025-08-03,2025-08-09,Professional & Business Services,15083000,1035612000,68.6608764834582
2025-08-03,2025-08-09,Public Utilities & Services,700000,47374000,67.67714285714285
2025-08-03,2025-08-09,Recreation & Culture,3663000,345581000,94.34370734370735
2025-08-03,2025-08-09,Restaurants & Cafés,56962000,1752504000,30.76619500719778
2025-08-03,2025-08-09,Telecommunication,3458000,149926000,43.35627530364373
2025-08-03,2025-08-09,Transportation,5819000,1037310000,178.26258807355217
2025-08-10,2025-08-16,"Apparel, Clothing & Accessories",8252000,985165000,119.38499757634513
2025-08-10,2025-08-16,Bakeries & Pastries,4889000,213680000,43.70627940274085
2025-08-10,2025-08-16,Construction & Building Materials,2399000,399397000,166.48478532721967
2025-08-10,2025-08-16,Education,183000,444862000,2430.9398907103823
2025-08-10,2025-08-16,Electronic & Electric Devices,1592000,169251000,106.31344221105527
2025-08-10,2025-08-16,Food & Beverages,51656000,1878839000,36.372134892364876
2025-08-10,2025-08-16,Furniture & Home Supplies,2495000,462600000,185.41082164328657
2025-08-10,2025-08-16,Gas Stations,17388000,995320000,57.24177593742811
2025-08-10,2025-08-16,Health,9641000,846233000,87.77440099574733
2025-08-10,2025-08-16,Hotels,920000,318390000,346.07608695652175
2025-08-10,2025-08-16,Jewelry,274000,298528000,1089.5182481751824
2025-08-10,2025-08-16,Laundry Services,2840000,50504000,17.783098591549297
2025-08-10,2025-08-16,Others,38245000,2172742000,56.81113871094261
2025-08-10,2025-08-16,Professional & Business Services,14836000,995544000,67.10326233486114
2025-08-10,2025-08-16,Public Utilities & Services,696000,44803000,64.37212643678161
2025-08-10,2025-08-16,Recreation & Culture,3482000,332406000,95.46410109132682
2025-08-10,2025-08-16,Restaurants & Cafés,55931000,1689992000,30.215658579320948
2025-08-10,2025-08-16,Telecommunication,3284000,136870000,41.67783191230207
2025-08-10,2025-08-16,Transportation,5780000,1036515000,179.32785467128028
2025-08-17,2025-08-23,"Apparel, Clothing & Accessories",8338000,1016470000,121.90813144639002
2025-08-17,2025-08-23,Bakeries & Pastries,4577000,194420000,42.47760541839633
2025-08-17,2025-08-23,Construction & Building Materials,2239000,389293000,173.8691380080393
2025-08-17,2025-08-23,Education,270000,1032713000,3824.862962962963
2025-08-17,2025-08-23,Electronic & Electric Devices,1463000,159163000,108.79220779220779
2025-08-17,2025-08-23,Food & Beverages,48937000,1780739000,36.38839732717576
2025-08-17,2025-08-23,Furniture & Home Supplies,2365000,448257000,189.53784355179704
2025-08-17,2025-08-23,Gas Stations,16833000,936402000,55.62894314738906
2025-08-17,2025-08-23,Health,9072000,793936000,87.51499118165785
2025-08-17,2025-08-23,Hotels,779000,272119000,349.3183568677792
2025-08-17,2025-08-23,Jewelry,243000,268493000,1104.9094650205761
2025-08-17,2025-08-23,Laundry Services,2634000,45802000,17.388762338648444
2025-08-17,2025-08-23,Others,36409000,2097932000,57.62124749375155
2025-08-17,2025-08-23,Professional & Business Services,13883000,933763000,67.2594540084996
2025-08-17,2025-08-23,Public Utilities & Services,660000,43199000,65.4530303030303
2025-08-17,2025-08-23,Recreation & Culture,3408000,351098000,103.02171361502347
2025-08-17,2025-08-23,Restaurants & Cafés,52811000,1547194000,29.29681316392418
2025-08-17,2025-08-23,Telecommunication,3055000,124258000,40.673649754500815
2025-08-17,2025-08-23,Transportation,5201000,972183000,186.9223226302634
2025-08-24,2025-08-30,"Apparel, Clothing & Accessories",9743000,1182393000,121.35820589140921
2025-08-24,2025-08-30,Bakeries & Pastries,7040000,263139000,37.37769886363636
2025-08-24,2025-08-30,Construction & Building Materials,2354000,413634000,175.71537807986405
2025-08-24,2025-08-30,Education,361000,1104339000,3059.1108033241
2025-08-24,2025-08-30,Electronic & Electric Devices,1687000,185427000,109.91523414344991
2025-08-24,2025-08-30,Food & Beverages,51967000,2303931000,44.33450074085477
2025-08-24,2025-08-30,Furniture & Home Supplies,2690000,516201000,191.89628252788103
2025-08-24,2025-08-30,Gas Stations,18743000,1088110000,58.054206903910796
2025-08-24,2025-08-30,Health,10292000,947680000,92.07928488146133
2025-08-24,2025-08-30,Hotels,741000,254388000,343.30364372469637
2025-08-24,2025-08-30,Jewelry,278000,290325000,1044.3345323741007
2025-08-24,2025-08-30,Laundry Services,3097000,62072000,20.042621892153697
2025-08-24,2025-08-30,Others,40672000,2553775000,62.789511211644374
2025-08-24,2025-08-30,Professional & Business Services,15480000,1109183000,71.65264857881137
2025-08-24,2025-08-30,Public Utilities & Services,746000,50975000,68.33109919571045
2025-08-24,2025-08-30,Recreation & Culture,4664000,463888000,99.46140651801029
2025-08-24,2025-08-30,Restaurants & Cafés,56825000,1700751000,29.929626044874617
2025-08-24,2025-08-30,Telecommunication,3589000,168859000,47.0490387294511
2025-08-24,2025-08-30,Transportation,6024000,1136045000,188.58648738379813
2025-08-31,2025-09-06,"Apparel, Clothing & Accessories",9143000,1034386000,113.13420102810893
2025-08-31,2025-09-06,Bakeries & Pastries,8398000,283345000,33.73958085258395
2025-08-31,2025-09-06,Construction & Building Materials,2382000,410792000,172.45675902602855
2025-08-31,2025-09-06,Education,331000,671717000,2029.356495468278
2025-08-31,2025-09-06,Electronic & Electric Devices,1814000,196826000,108.50385887541346
2025-08-31,2025-09-06,Food & Beverages,53245000,2262839000,42.49861958869377
2025-08-31,2025-09-06,Furniture & Home Supplies,2616000,505686000,193.30504587155963
2025-08-31,2025-09-06,Gas Stations,18801000,1083487000,57.629221849901604
2025-08-31,2025-09-06,Health,10205000,930579000,91.18853503184714
2025-08-31,2025-09-06,Hotels,731000,264856000,362.3201094391245
2025-08-31,2025-09-06,Jewelry,297000,310355000,1044.96632996633
2025-08-31,2025-09-06,Laundry Services,3170000,59045000,18.626182965299684
2025-08-31,2025-09-06,Others,41616000,2456357000,59.024341599384854
2025-08-31,2025-09-06,Professional & Business Services,15311000,1058556000,69.1369603553001
2025-08-31,2025-09-06,Public Utilities & Services,784000,53239000,67.90688775510205
2025-08-31,2025-09-06,Recreation & Culture,5288000,458417000,86.69005295007564
2025-08-31,2025-09-06,Restaurants & Cafés,58252000,1672136000,28.705211838220148
2025-08-31,2025-09-06,Telecommunication,4052000,181363000,44.75888450148075
2025-08-31,2025-09-06,Transportation,6064000,1051826000,173.45415567282322
2025-09-07,2025-09-13,"Apparel, Clothing & Accessories",8248000,902679000,109.44216779825412
2025-09-07,2025-09-13,Bakeries & Pastries,7939000,253782000,31.966494520720495
2025-09-07,2025-09-13,Construction & Building Materials,2275000,393366000,172.90813186813187
2025-09-07,2025-09-13,Education,255000,285125000,1118.137254901961
2025-09-07,2025-09-13,Electronic & Electric Devices,1739000,188460000,108.37262794709603
2025-09-07,2025-09-13,Food & Beverages,52248000,1965973000,37.627717807380186
2025-09-07,2025-09-13,Furniture & Home Supplies,2386000,497516000,208.5146689019279
2025-09-07,2025-09-13,Gas Stations,18298000,1022802000,55.89692862607935
2025-09-07,2025-09-13,Health,9678000,876341000,90.54980367844595
2025-09-07,2025-09-13,Hotels,691000,254068000,367.68162083936323
2025-09-07,2025-09-13,Jewelry,281000,317732000,1130.7188612099644
2025-09-07,2025-09-13,Laundry Services,2926000,49466000,16.905673274094326
2025-09-07,2025-09-13,Others,39314000,2081239000,52.93887673602279
2025-09-07,2025-09-13,Professional & Business Services,13566000,912581000,67.26971841368126
2025-09-07,2025-09-13,Public Utilities & Services,742000,48258000,65.0377358490566
2025-09-07,2025-09-13,Recreation & Culture,4589000,371632000,80.98322074526041
2025-09-07,2025-09-13,Restaurants & Cafés,56427000,1570744000,27.836744820741842
2025-09-07,2025-09-13,Telecommunication,3922000,149891000,38.218001019887815
2025-09-07,2025-09-13,Transportation,5533000,966767000,174.72745346105188
2025-09-14,2025-09-20,"Apparel, Clothing & Accessories",7882000,881792000,111.87414361837097
2025-09-14,2025-09-20,Bakeries & Pastries,7443000,236396000,31.760849119978502
2025-09-14,2025-09-20,Construction & Building Materials,2149000,410413000,190.97859469520708
2025-09-14,2025-09-20,Education,222000,172629000,777.6081081081081
2025-09-14,2025-09-20,Electronic & Electric Devices,1642000,201338000,122.61753958587089
2025-09-14,2025-09-20,Food & Beverages,49772000,1811530000,36.396568351683676
2025-09-14,2025-09-20,Furniture & Home Supplies,2344000,609458000,260.00767918088735
2025-09-14,2025-09-20,Gas Stations,17403000,955709000,54.916336263862554
2025-09-14,2025-09-20,Health,9126000,829530000,90.8974358974359
2025-09-14,2025-09-20,Hotels,655000,245584000,374.93740458015264
2025-09-14,2025-09-20,Jewelry,271000,352099000,1299.2583025830259
2025-09-14,2025-09-20,Laundry Services,2656000,43481000,16.37085843373494
2025-09-14,2025-09-20,Others,36926000,1922156000,52.0542707035693
2025-09-14,2025-09-20,Professional & Business Services,12434000,822966000,66.18674601898022
2025-09-14,2025-09-20,Public Utilities & Services,731000,47650000,65.18467852257182
2025-09-14,2025-09-20,Recreation & Culture,4054000,342352000,84.44795263936852
2025-09-14,2025-09-20,Restaurants & Cafés,53340000,1447532000,27.137832770903636
2025-09-14,2025-09-20,Telecommunication,3661000,139043000,37.979513794045346
2025-09-14,2025-09-20,Transportation,5089000,931915000,183.12340341913932
2025-09-21,2025-09-27,"Apparel, Clothing & Accessories",8631000,951084000,110.19395203336809
2025-09-21,2025-09-27,Bakeries & Pastries,7563000,255227000,33.74679360042311
2025-09-21,2025-09-27,Construction & Building Materials,2077000,413237000,198.95859412614348
2025-09-21,2025-09-27,Education,176000,113431000,644.4943181818181
2025-09-21,2025-09-27,Electronic & Electric Devices,1687000,204897000,121.45643153526972
2025-09-21,2025-09-27,Food & Beverages,49492000,1852616000,37.43263557746707
2025-09-21,2025-09-27,Furniture & Home Supplies,2548000,682047000,267.67935635792776
2025-09-21,2025-09-27,Gas Stations,17658000,948556000,53.71820138180995
2025-09-21,2025-09-27,Health,9080000,843867000,92.93689427312775
2025-09-21,2025-09-27,Hotels,662000,233055000,352.0468277945619
2025-09-21,2025-09-27,Jewelry,279000,325555000,1166.863799283154
2025-09-21,2025-09-27,Laundry Services,2717000,44556000,16.39896945160103
2025-09-21,2025-09-27,Others,37632000,1994370000,52.996651785714285
2025-09-21,2025-09-27,Professional & Business Services,12613000,823022000,65.25188297787996
2025-09-21,2025-09-27,Public Utilities & Services,727000,46519000,63.987620357634114
2025-09-21,2025-09-27,Recreation & Culture,4010000,378978000,94.50822942643391
2025-09-21,2025-09-27,Restaurants & Cafés,54782000,1587866000,28.98517761308459
2025-09-21,2025-09-27,Telecommunication,3815000,155734000,40.821494102228044
2025-09-21,2025-09-27,Transportation,5286000,917253000,173.5249716231555
2025-09-28,2025-10-04,"Apparel, Clothing & Accessories",9975000,1145733000,114.86045112781954
2025-09-28,2025-10-04,Bakeries & Pastries,8414000,312652000,37.158545281673405
2025-09-28,2025-10-04,Construction & Building Materials,2536000,474823000,187.23304416403786
2025-09-28,2025-10-04,Education,266000,238233000,895.6127819548872
2025-09-28,2025-10-04,Electronic & Electric Devices,1988000,229247000,115.31539235412475
2025-09-28,2025-10-04,Food & Beverages,57145000,2677009000,46.8459007787208
2025-09-28,2025-10-04,Furniture & Home Supplies,2847000,654712000,229.96557780119423
2025-09-28,2025-10-04,Gas Stations,19359000,1135598000,58.659951443772925
2025-09-28,2025-10-04,Health,11241000,1062423000,94.51321056845477
2025-09-28,2025-10-04,Hotels,769000,288574000,375.25877763329
2025-09-28,2025-10-04,Jewelry,341000,456070000,1337.4486803519062
2025-09-28,2025-10-04,Laundry Services,3333000,69737000,20.923192319231923
2025-09-28,2025-10-04,Others,43403000,2716445000,62.586572356749535
2025-09-28,2025-10-04,Professional & Business Services,13665000,1000426000,73.21083058909623
2025-09-28,2025-10-04,Public Utilities & Services,871000,60538000,69.50401836969002
2025-09-28,2025-10-04,Recreation & Culture,4900000,436247000,89.03
2025-09-28,2025-10-04,Restaurants & Cafés,60598000,1779726000,29.369385128222053
2025-09-28,2025-10-04,Telecommunication,4695000,227012000,48.35186368477103
2025-09-28,2025-10-04,Transportation,6647000,1181980000,177.82157364224463
2025-10-05,2025-10-11,"Apparel, Clothing & Accessories",8839000,967754000,109.48681977599276
2025-10-05,2025-10-11,Bakeries & Pastries,7923000,264929000,33.43796541713997
2025-10-05,2025-10-11,Construction & Building Materials,2422000,418944000,172.97440132122213
2025-10-05,2025-10-11,Education,232000,152765000,658.4698275862069
2025-10-05,2025-10-11,Electronic & Electric Devices,1844000,192800000,104.55531453362256
2025-10-05,2025-10-11,Food & Beverages,54251000,2055055000,37.880499898619384
2025-10-05,2025-10-11,Furniture & Home Supplies,2510000,458330000,182.601593625498
2025-10-05,2025-10-11,Gas Stations,18319000,1031619000,56.31415470276762
2025-10-05,2025-10-11,Health,10379000,885506000,85.3170825705752
2025-10-05,2025-10-11,Hotels,816000,307778000,377.17892156862746
2025-10-05,2025-10-11,Jewelry,307000,432615000,1409.1693811074917
2025-10-05,2025-10-11,Laundry Services,2963000,51622000,17.42220722240972
2025-10-05,2025-10-11,Others,40650000,2196501000,54.03446494464945
2025-10-05,2025-10-11,Professional & Business Services,11317000,762885000,67.41053282672087
2025-10-05,2025-10-11,Public Utilities & Services,781000,50310000,64.41741357234315
2025-10-05,2025-10-11,Recreation & Culture,4408000,338632000,76.82214156079854
2025-10-05,2025-10-11,Restaurants & Cafés,59029000,1680005000,28.460671873147096
2025-10-05,2025-10-11,Telecommunication,4216000,176135000,41.77775142314991
2025-10-05,2025-10-11,Transportation,6035000,994785000,164.83595691797845
2025-10-12,2025-10-18,"Apparel, Clothing & Accessories",7873000,880529000,111.84161056776324
2025-10-12,2025-10-18,Bakeries & Pastries,7422000,238625000,32.15103745621126
2025-10-12,2025-10-18,Construction & Building Materials,2291000,395625000,172.68659973810563
2025-10-12,2025-10-18,Education,200000,105127000,525.635
2025-10-12,2025-10-18,Electronic & Electric Devices,1727000,182354000,105.59004053271569
2025-10-12,2025-10-18,Food & Beverages,51960000,1915968000,36.87390300230947
2025-10-12,2025-10-18,Furniture & Home Supplies,2238000,405336000,181.1152815013405
2025-10-12,2025-10-18,Gas Stations,17093000,944883000,55.278944597203534
2025-10-12,2025-10-18,Health,9877000,818667000,82.88620026323782
2025-10-12,2025-10-18,Hotels,714000,297597000,416.80252100840335
2025-10-12,2025-10-18,Jewelry,276000,429803000,1557.2572463768115
2025-10-12,2025-10-18,Laundry Services,2813000,47486000,16.8809100604337
2025-10-12,2025-10-18,Others,38073000,1945727000,51.105166390880676
2025-10-12,2025-10-18,Professional & Business Services,10546000,671240000,63.64877678740755
2025-10-12,2025-10-18,Public Utilities & Services,736000,47753000,64.88179347826087
2025-10-12,2025-10-18,Recreation & Culture,4268000,289322000,67.78865979381443
2025-10-12,2025-10-18,Restaurants & Cafés,55226000,1523287000,27.58278709303589
2025-10-12,2025-10-18,Telecommunication,3907000,153085000,39.182237010493985
2025-10-12,2025-10-18,Transportation,5465000,914860000,167.40347666971638
2025-10-19,2025-10-25,"Apparel, Clothing & Accessories",7412000,852422000,115.0056664867782
2025-10-19,2025-10-25,Bakeries & Pastries,7017000,221581000,31.57773977483255
2025-10-19,2025-10-25,Construction & Building Materials,2159000,384622000,178.14821676702178
2025-10-19,2025-10-25,Education,196000,103863000,529.9132653061224
2025-10-19,2025-10-25,Electronic & Electric Devices,1646000,171312000,104.07776427703524
2025-10-19,2025-10-25,Food & Beverages,49750000,1789377000,35.96737688442211
2025-10-19,2025-10-25,Furniture & Home Supplies,2137000,431487000,201.91249415067853
2025-10-19,2025-10-25,Gas Stations,16671000,897830000,53.85579749265191
2025-10-19,2025-10-25,Health,9466000,774100000,81.77688569617578
2025-10-19,2025-10-25,Hotels,689000,311201000,451.67053701015965
2025-10-19,2025-10-25,Jewelry,252000,390688000,1550.3492063492063
2025-10-19,2025-10-25,Laundry Services,2540000,42575000,16.761811023622048
2025-10-19,2025-10-25,Others,36171000,1843263000,50.95969146553869
2025-10-19,2025-10-25,Professional & Business Services,10157000,636526000,62.66870138820518
2025-10-19,2025-10-25,Public Utilities & Services,699000,44438000,63.57367668097282
2025-10-19,2025-10-25,Recreation & Culture,3824000,268533000,70.22306485355648
2025-10-19,2025-10-25,Restaurants & Cafés,53044000,1452342000,27.37994872181585
2025-10-19,2025-10-25,Telecommunication,3832000,150761000,39.34264091858038
2025-10-19,2025-10-25,Transportation,5090000,922375000,181.213163064833
2025-10-26,2025-11-01,"Apparel, Clothing & Accessories",11132000,1366858000,122.78638160258714
2025-10-26,2025-11-01,Bakeries & Pastries,8228000,310322000,37.71536217792902
2025-10-26,2025-11-01,Construction & Building Materials,2584000,440526000,170.48219814241486
2025-10-26,2025-11-01,Education,220000,189444000,861.1090909090909
2025-10-26,2025-11-01,Electronic & Electric Devices,2034000,220197000,108.25811209439529
2025-10-26,2025-11-01,Food & Beverages,57361000,2664509000,46.45157859869946
2025-10-26,2025-11-01,Furniture & Home Supplies,2947000,605721000,205.53817441465898
2025-10-26,2025-11-01,Gas Stations,19093000,1116062000,58.453988372702035
2025-10-26,2025-11-01,Health,11847000,1017132000,85.8556596606736
2025-10-26,2025-11-01,Hotels,841000,376005000,447.0927467300832
2025-10-26,2025-11-01,Jewelry,325000,418480000,1287.6307692307691
2025-10-26,2025-11-01,Laundry Services,3285000,69522000,21.163470319634705
2025-10-26,2025-11-01,Others,43600000,2681891000,61.51126146788991
2025-10-26,2025-11-01,Professional & Business Services,12534000,870608000,69.45970958991543
2025-10-26,2025-11-01,Public Utilities & Services,848000,58925000,69.4870283018868
2025-10-26,2025-11-01,Recreation & Culture,4555000,372251000,81.72360043907794
2025-10-26,2025-11-01,Restaurants & Cafés,61281000,1836404000,29.966939181801862
2025-10-26,2025-11-01,Telecommunication,4897000,242157000,49.450071472329995
2025-10-26,2025-11-01,Transportation,6839000,1170250000,171.11419798216113
2025-11-02,2025-11-08,"Apparel, Clothing & Accessories",10057000,1228105000,122.1144476484041
2025-11-02,2025-11-08,Bakeries & Pastries,7609000,261273000,34.33736364831121
2025-11-02,2025-11-08,Construction & Building Materials,2444000,416099000,170.25327332242225
2025-11-02,2025-11-08,Education,222000,179799000,809.9054054054054
2025-11-02,2025-11-08,Electronic & Electric Devices,1841000,194082000,105.42205323193916
2025-11-02,2025-11-08,Food & Beverages,53474000,2080656000,38.909675730261434
2025-11-02,2025-11-08,Furniture & Home Supplies,2677000,549357000,205.21367202091895
2025-11-02,2025-11-08,Gas Stations,17345000,980043000,56.50291150187374
2025-11-02,2025-11-08,Health,10683000,891720000,83.4709351305813
2025-11-02,2025-11-08,Hotels,763000,312937000,410.1402359108781
2025-11-02,2025-11-08,Jewelry,290000,348866000,1202.9862068965517
2025-11-02,2025-11-08,Laundry Services,3003000,55292000,18.412254412254413
2025-11-02,2025-11-08,Others,40207000,2251876000,56.007063446663516
2025-11-02,2025-11-08,Professional & Business Services,11770000,759430000,64.52251486830926
2025-11-02,2025-11-08,Public Utilities & Services,778000,51102000,65.68380462724936
2025-11-02,2025-11-08,Recreation & Culture,4094000,324394000,79.23644357596483
2025-11-02,2025-11-08,Restaurants & Cafés,57945000,1643329000,28.360151868150833
2025-11-02,2025-11-08,Telecommunication,4281000,183170000,42.786732071945806
2025-11-02,2025-11-08,Transportation,5991000,1003212000,167.45317976965447
2025-11-09,2025-11-15,"Apparel, Clothing & Accessories",9751000,1178278000,120.8366321402933
2025-11-09,2025-11-15,Bakeries & Pastries,7459000,248817000,33.357956830674354
2025-11-09,2025-11-15,Construction & Building Materials,2429000,405700000,167.02346644709758
2025-11-09,2025-11-15,Education,206000,126756000,615.3203883495146
2025-11-09,2025-11-15,Electronic & Electric Devices,1768000,183953000,104.04581447963801
2025-11-09,2025-11-15,Food & Beverages,53120000,1970037000,37.08653990963855
2025-11-09,2025-11-15,Furniture & Home Supplies,2588000,478252000,184.79598145285934
2025-11-09,2025-11-15,Gas Stations,17669000,981364000,55.54156998132322
2025-11-09,2025-11-15,Health,10117000,839697000,82.99861619057033
2025-11-09,2025-11-15,Hotels,745000,318793000,427.910067114094
2025-11-09,2025-11-15,Jewelry,273000,325279000,1191.4981684981685
2025-11-09,2025-11-15,Laundry Services,2905000,52070000,17.924268502581757
2025-11-09,2025-11-15,Others,39670000,2100380000,52.946307033022435
2025-11-09,2025-11-15,Professional & Business Services,11753000,737149000,62.720071471113755
2025-11-09,2025-11-15,Public Utilities & Services,774000,49156000,63.50904392764858
2025-11-09,2025-11-15,Recreation & Culture,3988000,301902000,75.70260782347042
2025-11-09,2025-11-15,Restaurants & Cafés,57540000,1616841000,28.099426485922837
2025-11-09,2025-11-15,Telecommunication,4093000,173941000,42.49719032494503
2025-11-09,2025-11-15,Transportation,5820000,989631000,170.0396907216495
2025-11-16,2025-11-22,"Apparel, Clothing & Accessories",9274000,1130930000,121.94630148803105
2025-11-16,2025-11-22,Bakeries & Pastries,7058000,238052000,33.72796826296401
2025-11-16,2025-11-22,Construction & Building Materials,2327000,392160000,168.52599914052428
2025-11-16,2025-11-22,Education,181000,104482000,577.2486187845304
2025-11-16,2025-11-22,Electronic & Electric Devices,1654000,176649000,106.80108827085853
2025-11-16,2025-11-22,Food & Beverages,50306000,1799911000,35.77925098397805
2025-11-16,2025-11-22,Furniture & Home Supplies,2396000,439569000,183.45951585976627
2025-11-16,2025-11-22,Gas Stations,17196000,956103000,55.60031402651779
2025-11-16,2025-11-22,Health,9368000,780007000,83.26291631084543
2025-11-16,2025-11-22,Hotels,809000,381978000,472.1606922126082
2025-11-16,2025-11-22,Jewelry,263000,335797000,1276.7946768060835
2025-11-16,2025-11-22,Laundry Services,2730000,47851000,17.527838827838828
2025-11-16,2025-11-22,Others,37298000,1983481000,53.17928575258727
2025-11-16,2025-11-22,Professional & Business Services,11171000,706809000,63.271775132038314
2025-11-16,2025-11-22,Public Utilities & Services,706000,45632000,64.63456090651557
2025-11-16,2025-11-22,Recreation & Culture,3544000,301647000,85.11484198645599
2025-11-16,2025-11-22,Restaurants & Cafés,54469000,1555869000,28.564302630854247
2025-11-16,2025-11-22,Telecommunication,3849000,165127000,42.901273057937125
2025-11-16,2025-11-22,Transportation,5550000,961726000,173.28396396396397
2025-11-23,2025-11-29,"Apparel, Clothing & Accessories",11798000,1522030000,129.0074588913375
2025-11-23,2025-11-29,Bakeries & Pastries,7697000,300598000,39.05391711056256
2025-11-23,2025-11-29,Construction & Building Materials,2526000,417501000,165.28147268408551
2025-11-23,2025-11-29,Education,145000,62260000,429.37931034482756
2025-11-23,2025-11-29,Electronic & Electric Devices,1866000,198065000,106.14415862808146
2025-11-23,2025-11-29,Food & Beverages,53464000,2310335000,43.2129096214275
2025-11-23,2025-11-29,Furniture & Home Supplies,2807000,537039000,191.32133950837192
2025-11-23,2025-11-29,Gas Stations,17939000,1049959000,58.529405206533255
2025-11-23,2025-11-29,Health,10093000,862837000,85.48865550381453
2025-11-23,2025-11-29,Hotels,1045000,445166000,425.9961722488038
2025-11-23,2025-11-29,Jewelry,300000,354453000,1181.51
2025-11-23,2025-11-29,Laundry Services,3153000,65100000,20.647002854424358
2025-11-23,2025-11-29,Others,41265000,2530309000,61.31852659638919
2025-11-23,2025-11-29,Professional & Business Services,12516000,840508000,67.154682007031
2025-11-23,2025-11-29,Public Utilities & Services,766000,52051000,67.95169712793734
2025-11-23,2025-11-29,Recreation & Culture,4022000,384344000,95.5604177026355
2025-11-23,2025-11-29,Restaurants & Cafés,58125000,1903262000,32.74429247311828
2025-11-23,2025-11-29,Telecommunication,4434000,210962000,47.57825890843482
2025-11-23,2025-11-29,Transportation,6289000,1051614000,167.2148195261568
2025-11-30,2025-12-06,"Apparel, Clothing & Accessories",10526000,1274223000,121.05481664449934
2025-11-30,2025-12-06,Bakeries & Pastries,7513000,280902000,37.38879275921736
2025-11-30,2025-12-06,Construction & Building Materials,2601000,430657000,165.57362552864282
2025-11-30,2025-12-06,Education,233000,218726000,938.7381974248927
2025-11-30,2025-12-06,Electronic & Electric Devices,1885000,203522000,107.96923076923076
2025-11-30,2025-12-06,Food & Beverages,53951000,2349010000,43.53969342551574
2025-11-30,2025-12-06,Furniture & Home Supplies,2779000,518645000,186.63008276358403
2025-11-30,2025-12-06,Gas Stations,17148000,991396000,57.81408910660135
2025-11-30,2025-12-06,Health,10034000,871872000,86.89176798883796
2025-11-30,2025-12-06,Hotels,773000,335976000,434.6390685640362
2025-11-30,2025-12-06,Jewelry,289000,325903000,1127.6920415224913
2025-11-30,2025-12-06,Laundry Services,2998000,61113000,20.38458972648432
2025-11-30,2025-12-06,Others,40550000,2452481000,60.48041923551171
2025-11-30,2025-12-06,Professional & Business Services,12410000,832143000,67.054230459307
2025-11-30,2025-12-06,Public Utilities & Services,814000,54747000,67.25675675675676
2025-11-30,2025-12-06,Recreation & Culture,4211000,359769000,85.43552600332463
2025-11-30,2025-12-06,Restaurants & Cafés,56677000,1662675000,29.335974028265433
2025-11-30,2025-12-06,Telecommunication,4480000,206821000,46.16540178571429
2025-11-30,2025-12-06,Transportation,6308000,1017079000,161.2363665187064
2025-12-07,2025-12-13,"Apparel, Clothing & Accessories",9926000,1163920000,117.25972194237356
2025-12-07,2025-12-13,Bakeries & Pastries,7479000,264718000,35.3948388822035
2025-12-07,2025-12-13,Construction & Building Materials,2567000,407323000,158.676665368134
2025-12-07,2025-12-13,Education,187000,124911000,667.9732620320856
2025-12-07,2025-12-13,Electronic & Electric Devices,1830000,184309000,100.71530054644809
2025-12-07,2025-12-13,Food & Beverages,53895000,2012985000,37.350125243529085
2025-12-07,2025-12-13,Furniture & Home Supplies,2710000,465024000,171.59557195571955
2025-12-07,2025-12-13,Gas Stations,17691000,998282000,56.42880560737098
2025-12-07,2025-12-13,Health,9693000,809856000,83.5506035283194
2025-12-07,2025-12-13,Hotels,863000,373541000,432.8400926998841
2025-12-07,2025-12-13,Jewelry,278000,329708000,1186.0
2025-12-07,2025-12-13,Laundry Services,2825000,51582000,18.25911504424779
2025-12-07,2025-12-13,Others,40048000,2156664000,53.851977626847784
2025-12-07,2025-12-13,Professional & Business Services,12529000,772590000,61.664139197062816
2025-12-07,2025-12-13,Public Utilities & Services,855000,51650000,60.409356725146196
2025-12-07,2025-12-13,Recreation & Culture,4036000,326345000,80.85852329038651
2025-12-07,2025-12-13,Restaurants & Cafés,58489000,1723668000,29.46995161483356
2025-12-07,2025-12-13,Telecommunication,4258000,174666000,41.020666979802726
2025-12-07,2025-12-13,Transportation,5962000,919571000,154.23867829587388
2025-12-14,2025-12-20,"Apparel, Clothing & Accessories",9830000,1218671000,123.97466937945066
2025-12-14,2025-12-20,Bakeries & Pastries,6817000,233135000,34.1990611706029
2025-12-14,2025-12-20,Construction & Building Materials,2436000,395718000,162.44581280788177
2025-12-14,2025-12-20,Education,141000,92422000,655.4751773049645
2025-12-14,2025-12-20,Electronic & Electric Devices,1707000,181993000,106.6157000585823
2025-12-14,2025-12-20,Food & Beverages,50034000,1894401000,37.86227365391534
2025-12-14,2025-12-20,Furniture & Home Supplies,2602000,474604000,182.39969254419677
2025-12-14,2025-12-20,Gas Stations,16440000,919670000,55.94099756690998
2025-12-14,2025-12-20,Health,8632000,726592000,84.17423540315107
2025-12-14,2025-12-20,Hotels,726000,346344000,477.05785123966945
2025-12-14,2025-12-20,Jewelry,242000,291854000,1206.0082644628098
2025-12-14,2025-12-20,Laundry Services,2594000,47812000,18.43176561295297
2025-12-14,2025-12-20,Others,36956000,2001210000,54.15115272215608
2025-12-14,2025-12-20,Professional & Business Services,11554000,725338000,62.778085511511165
2025-12-14,2025-12-20,Public Utilities & Services,752000,47607000,63.307180851063826
2025-12-14,2025-12-20,Recreation & Culture,3543000,287818000,81.23567598080723
2025-12-14,2025-12-20,Restaurants & Cafés,54029000,1571718000,29.090266338447872
2025-12-14,2025-12-20,Telecommunication,3852000,155715000,40.42445482866044
2025-12-14,2025-12-20,Transportation,5412000,875735000,161.81356245380636
2025-12-21,2025-12-27,"Apparel, Clothing & Accessories",9714000,1234265000,127.06042824788965
2025-12-21,2025-12-27,Bakeries & Pastries,6803000,237652000,34.93341173011906
2025-12-21,2025-12-27,Construction & Building Materials,2440000,422658000,173.2204918032787
2025-12-21,2025-12-27,Education,157000,141499000,901.2675159235669
2025-12-21,2025-12-27,Electronic & Electric Devices,1752000,193941000,110.69691780821918
2025-12-21,2025-12-27,Food & Beverages,50507000,1916532000,37.94586888946087
2025-12-21,2025-12-27,Furniture & Home Supplies,2607000,515884000,197.88415803605676
2025-12-21,2025-12-27,Gas Stations,16689000,918884000,55.059260590808314
2025-12-21,2025-12-27,Health,8984000,776023000,86.378339269813
2025-12-21,2025-12-27,Hotels,730000,372273000,509.96301369863016
2025-12-21,2025-12-27,Jewelry,268000,367697000,1372.0037313432836
2025-12-21,2025-12-27,Laundry Services,2521000,47642000,18.898056326854423
2025-12-21,2025-12-27,Others,37371000,2077899000,55.60191057236895
2025-12-21,2025-12-27,Professional & Business Services,11755000,746765000,63.52743513398554
2025-12-21,2025-12-27,Public Utilities & Services,748000,47829000,63.94251336898396
2025-12-21,2025-12-27,Recreation & Culture,3699000,322816000,87.27115436604488
2025-12-21,2025-12-27,Restaurants & Cafés,54191000,1573046000,29.02780904578251
2025-12-21,2025-12-27,Telecommunication,4132000,171588000,41.526621490803485
2025-12-21,2025-12-27,Transportation,5591000,943183000,168.69665533893757
2025-12-28,2026-01-03,"Apparel, Clothing & Accessories",12577000,1605031000,127.61636320267154
2025-12-28,2026-01-03,Bakeries & Pastries,7766000,316058000,40.69765645119753
2025-12-28,2026-01-03,Construction & Building Materials,2837000,484173000,170.66372929150512
2025-12-28,2026-01-03,Education,178000,235508000,1323.0786516853932
2025-12-28,2026-01-03,Electronic & Electric Devices,2092000,232100000,110.94646271510516
2025-12-28,2026-01-03,Food & Beverages,57147000,2709201000,47.40758045041734
2025-12-28,2026-01-03,Furniture & Home Supplies,3322000,677505000,203.94491270319085
2025-12-28,2026-01-03,Gas Stations,17973000,1078994000,60.03416235464307
2025-12-28,2026-01-03,Health,10925000,992502000,90.84686498855835
2025-12-28,2026-01-03,Hotels,850000,396098000,465.99764705882353
2025-12-28,2026-01-03,Jewelry,381000,544124000,1428.1469816272966
2025-12-28,2026-01-03,Laundry Services,3087000,70538000,22.85001619695497
2025-12-28,2026-01-03,Others,43666000,2826900000,64.7391563229973
2025-12-28,2026-01-03,Professional & Business Services,13954000,963292000,69.03339544216712
2025-12-28,2026-01-03,Public Utilities & Services,895000,61306000,68.49832402234637
2025-12-28,2026-01-03,Recreation & Culture,4997000,450519000,90.15789473684211
2025-12-28,2026-01-03,Restaurants & Cafés,60568000,1901774000,31.3989895654471
2025-12-28,2026-01-03,Telecommunication,5053000,255415000,50.547199683356425
2025-12-28,2026-01-03,Transportation,7092000,1215782000,171.43006204173716
2026-01-04,2026-01-10,"Apparel, Clothing & Accessories",10999000,1295219000,117.7578870806437
2026-01-04,2026-01-10,Bakeries & Pastries,7211000,275644000,38.22548883649979
2026-01-04,2026-01-10,Construction & Building Materials,2644000,420430000,159.0128593040847
2026-01-04,2026-01-10,Education,164000,245662000,1497.939024390244
2026-01-04,2026-01-10,Electronic & Electric Devices,1854000,198855000,107.25728155339806
2026-01-04,2026-01-10,Food & Beverages,53036000,2068918000,39.009691530281316
2026-01-04,2026-01-10,Furniture & Home Supplies,2896000,521075000,179.92921270718233
2026-01-04,2026-01-10,Gas Stations,17227000,992319000,57.602542520462066
2026-01-04,2026-01-10,Health,10070000,863454000,85.74518371400198
2026-01-04,2026-01-10,Hotels,864000,399615000,462.5173611111111
2026-01-04,2026-01-10,Jewelry,332000,422540000,1272.710843373494
2026-01-04,2026-01-10,Laundry Services,2819000,53477000,18.970202199361477
2026-01-04,2026-01-10,Others,39732000,2272695000,57.20061914829357
2026-01-04,2026-01-10,Professional & Business Services,12953000,817071000,63.07967266270362
2026-01-04,2026-01-10,Public Utilities & Services,814000,53322000,65.50614250614251
2026-01-04,2026-01-10,Recreation & Culture,4026000,375245000,93.20541480377545
2026-01-04,2026-01-10,Restaurants & Cafés,58514000,1763663000,30.14087226988413
2026-01-04,2026-01-10,Telecommunication,4391000,188419000,42.91027100888181
2026-01-04,2026-01-10,Transportation,6155000,972517000,158.00438667749796
2026-01-11,2026-01-17,"Apparel, Clothing & Accessories",10834000,1228132000,113.35905482739524
2026-01-11,2026-01-17,Bakeries & Pastries,7331000,281456000,38.392579457099984
2026-01-11,2026-01-17,Construction & Building Materials,2623000,409935000,156.28478841021732
2026-01-11,2026-01-17,Education,150000,162975000,1086.5
2026-01-11,2026-01-17,Electronic & Electric Devices,1844000,187025000,101.42353579175705
2026-01-11,2026-01-17,Food & Beverages,52211000,2043112000,39.131830457183355
2026-01-11,2026-01-17,Furniture & Home Supplies,2896000,489178000,168.91505524861878
2026-01-11,2026-01-17,Gas Stations,17210000,1000691000,58.1459035444509
2026-01-11,2026-01-17,Health,9833000,823640000,83.76283941828537
2026-01-11,2026-01-17,Hotels,1028000,455695000,443.28307392996106
2026-01-11,2026-01-17,Jewelry,307000,406031000,1322.5765472312703
2026-01-11,2026-01-17,Laundry Services,2910000,52603000,18.0766323024055
2026-01-11,2026-01-17,Others,40170000,2256452000,56.172566591984065
2026-01-11,2026-01-17,Professional & Business Services,13467000,820193000,60.90391326947353
2026-01-11,2026-01-17,Public Utilities & Services,814000,51223000,62.92751842751843
2026-01-11,2026-01-17,Recreation & Culture,3865000,365428000,94.54799482535576
2026-01-11,2026-01-17,Restaurants & Cafés,58763000,1847414000,31.438388101356296
2026-01-11,2026-01-17,Telecommunication,4261000,180567000,42.37667214268951
2026-01-11,2026-01-17,Transportation,6015000,944092000,156.95627597672487
2026-01-18,2026-01-24,"Apparel, Clothing & Accessories",8383000,985938000,117.6115948944292
2026-01-18,2026-01-24,Bakeries & Pastries,6410000,229713000,35.83666146645866
2026-01-18,2026-01-24,Construction & Building Materials,2400000,393221000,163.84208333333333
2026-01-18,2026-01-24,Education,222000,392975000,1770.1576576576576
2026-01-18,2026-01-24,Electronic & Electric Devices,1687000,176552000,104.65441612329579
2026-01-18,2026-01-24,Food & Beverages,48804000,1881577000,38.55374559462339
2026-01-18,2026-01-24,Furniture & Home Supplies,2471000,462856000,187.31525698097937
2026-01-18,2026-01-24,Gas Stations,15976000,890118000,55.71594892338508
2026-01-18,2026-01-24,Health,8771000,753088000,85.86113328012769
2026-01-18,2026-01-24,Hotels,760000,351046000,461.90263157894736
2026-01-18,2026-01-24,Jewelry,251000,394622000,1572.199203187251
2026-01-18,2026-01-24,Laundry Services,2430000,43516000,17.907818930041152
2026-01-18,2026-01-24,Others,36293000,1965958000,54.16906841539691
2026-01-18,2026-01-24,Professional & Business Services,11943000,725379000,60.73674956041196
2026-01-18,2026-01-24,Public Utilities & Services,777000,48870000,62.8957528957529
2026-01-18,2026-01-24,Recreation & Culture,3958000,320019000,80.85371399696817
2026-01-18,2026-01-24,Restaurants & Cafés,52920000,1504825000,28.43584656084656
2026-01-18,2026-01-24,Telecommunication,4003000,155433000,38.82912815388459
2026-01-18,2026-01-24,Transportation,5157000,845487000,163.94938917975568
2026-01-25,2026-01-31,"Apparel, Clothing & Accessories",10607000,1335242000,125.88309606863392
2026-01-25,2026-01-31,Bakeries & Pastries,7302000,297244000,40.7072035058888
2026-01-25,2026-01-31,Construction & Building Materials,2782000,447112000,160.7160316319195
2026-01-25,2026-01-31,Education,250000,316403000,1265.612
2026-01-25,2026-01-31,Electronic & Electric Devices,2024000,215565000,106.5044466403162
2026-01-25,2026-01-31,Food & Beverages,55670000,2608259000,46.85214657804922
2026-01-25,2026-01-31,Furniture & Home Supplies,3130000,603738000,192.88753993610223
2026-01-25,2026-01-31,Gas Stations,18226000,1062832000,58.31405684187425
2026-01-25,2026-01-31,Health,10288000,910544000,88.5054432348367
2026-01-25,2026-01-31,Hotels,848000,377098000,444.6910377358491
2026-01-25,2026-01-31,Jewelry,327000,613692000,1876.7339449541284
2026-01-25,2026-01-31,Laundry Services,2935000,62828000,21.40647359454855
2026-01-25,2026-01-31,Others,42658000,2657420000,62.29593511181959
2026-01-25,2026-01-31,Professional & Business Services,14009000,913365000,65.19844385752016
2026-01-25,2026-01-31,Public Utilities & Services,902000,60802000,67.4079822616408
2026-01-25,2026-01-31,Recreation & Culture,4680000,401138000,85.71324786324786
2026-01-25,2026-01-31,Restaurants & Cafés,60365000,1811178000,30.003777023109418
2026-01-25,2026-01-31,Telecommunication,4930000,228613000,46.37180527383367
2026-01-25,2026-01-31,Transportation,6890000,1078158000,156.48156748911467
2026-02-01,2026-02-07,"Apparel, Clothing & Accessories",11087000,1376971000,124.19689726706955
2026-02-01,2026-02-07,Bakeries & Pastries,7569000,314721000,41.58026159334126
2026-02-01,2026-02-07,Construction & Building Materials,2950000,460511000,156.10542372881355
2026-02-01,2026-02-07,Education,247000,238326000,964.8825910931174
2026-02-01,2026-02-07,Electronic & Electric Devices,2079000,219492000,105.57575757575758
2026-02-01,2026-02-07,Food & Beverages,57930000,2686235000,46.37036078025203
2026-02-01,2026-02-07,Furniture & Home Supplies,3459000,658284000,190.31049436253252
2026-02-01,2026-02-07,Gas Stations,17372000,1004073000,57.79835367257656
2026-02-01,2026-02-07,Health,10581000,919762000,86.92581041489463
2026-02-01,2026-02-07,Hotels,851000,392346000,461.0411280846063
2026-02-01,2026-02-07,Jewelry,344000,579571000,1684.7994186046512
2026-02-01,2026-02-07,Laundry Services,2963000,59489000,20.077286533918326
2026-02-01,2026-02-07,Others,44294000,2719315000,61.39240077662889
2026-02-01,2026-02-07,Professional & Business Services,14609000,946053000,64.75823122732562
2026-02-01,2026-02-07,Public Utilities & Services,932000,62220000,66.75965665236052
2026-02-01,2026-02-07,Recreation & Culture,4661000,385337000,82.67260244582708
2026-02-01,2026-02-07,Restaurants & Cafés,61915000,1815367000,29.32031010255996
2026-02-01,2026-02-07,Telecommunication,4991000,214298000,42.93688639551192
2026-02-01,2026-02-07,Transportation,7316000,1053068000,143.9404045926736
2026-02-08,2026-02-14,"Apparel, Clothing & Accessories",11076000,1383755000,124.93273745034308
2026-02-08,2026-02-14,Bakeries & Pastries,7253000,288722000,39.80725217151524
2026-02-08,2026-02-14,Construction & Building Materials,3000000,465400000,155.13333333333333
2026-02-08,2026-02-14,Education,214000,155822000,728.1401869158879
2026-02-08,2026-02-14,Electronic & Electric Devices,2143000,225903000,105.41437237517499
2026-02-08,2026-02-14,Food & Beverages,57508000,2570672000,44.70111984419559
2026-02-08,2026-02-14,Furniture & Home Supplies,3595000,697347000,193.9769123783032
2026-02-08,2026-02-14,Gas Stations,17181000,971050000,56.51882893894418
2026-02-08,2026-02-14,Health,10235000,885678000,86.5342452369321
2026-02-08,2026-02-14,Hotels,837000,380911000,455.09080047789723
2026-02-08,2026-02-14,Jewelry,328000,436002000,1329.2743902439024
2026-02-08,2026-02-14,Laundry Services,2908000,54312000,18.676753782668502
2026-02-08,2026-02-14,Others,43836000,2565310000,58.520622319554704
2026-02-08,2026-02-14,Professional & Business Services,14422000,899594000,62.37650811260574
2026-02-08,2026-02-14,Public Utilities & Services,930000,61658000,66.2989247311828
2026-02-08,2026-02-14,Recreation & Culture,4457000,358140000,80.35449854161992
2026-02-08,2026-02-14,Restaurants & Cafés,60374000,1729862000,28.652433166594893
2026-02-08,2026-02-14,Telecommunication,4606000,173599000,37.68975249674338
2026-02-08,2026-02-14,Transportation,7166000,1032893000,144.13801283840357
2026-02-15,2026-02-21,"Apparel, Clothing & Accessories",10485000,1317039000,125.61173104434907
2026-02-15,2026-02-21,Bakeries & Pastries,6542000,260109000,39.759859370223175
2026-02-15,2026-02-21,Construction & Building Materials,2824000,411695000,145.78434844192634
2026-02-15,2026-02-21,Education,150000,115361000,769.0733333333334
2026-02-15,2026-02-21,Electronic & Electric Devices,2031000,213148000,104.94731659281142
2026-02-15,2026-02-21,Food & Beverages,55158000,2624678000,47.584720258167444
2026-02-15,2026-02-21,Furniture & Home Supplies,3464000,667428000,192.67551963048498
2026-02-15,2026-02-21,Gas Stations,15332000,850572000,55.47691103574224
2026-02-15,2026-02-21,Health,9115000,781966000,85.78891936368623
2026-02-15,2026-02-21,Hotels,636000,338556000,532.3207547169811
2026-02-15,2026-02-21,Jewelry,275000,362291000,1317.4218181818183
2026-02-15,2026-02-21,Laundry Services,2495000,47861000,19.182765531062124
2026-02-15,2026-02-21,Others,39813000,2353133000,59.10463918820486
2026-02-15,2026-02-21,Professional & Business Services,13245000,821045000,61.98905247263118
2026-02-15,2026-02-21,Public Utilities & Services,1036000,63064000,60.87258687258687
2026-02-15,2026-02-21,Recreation & Culture,3452000,296196000,85.80417149478563
2026-02-15,2026-02-21,Restaurants & Cafés,44009000,1239502000,28.16473903065282
2026-02-15,2026-02-21,Telecommunication,4108000,160148000,38.98442064264849
2026-02-15,2026-02-21,Transportation,6401000,981020000,153.2604280581159
2026-02-22,2026-02-28,"Apparel, Clothing & Accessories",12910000,1899191000,147.11006971340046
2026-02-22,2026-02-28,Bakeries & Pastries,6123000,248056000,40.51216723828189
2026-02-22,2026-02-28,Construction & Building Materials,2571000,378351000,147.1610268378063
2026-02-22,2026-02-28,Education,107000,93762000,876.2803738317757
2026-02-22,2026-02-28,Electronic & Electric Devices,1988000,201040000,101.12676056338029
2026-02-22,2026-02-28,Food & Beverages,51317000,2325743000,45.32110216887192
2026-02-22,2026-02-28,Furniture & Home Supplies,3072000,617530000,201.01888020833334
2026-02-22,2026-02-28,Gas Stations,15245000,875090000,57.40177107248278
2026-02-22,2026-02-28,Health,9714000,899673000,92.61612106238418
2026-02-22,2026-02-28,Hotels,662000,376259000,568.3670694864048
2026-02-22,2026-02-28,Jewelry,348000,510452000,1466.816091954023
2026-02-22,2026-02-28,Laundry Services,2734000,59045000,21.59656181419166
2026-02-22,2026-02-28,Others,37094000,2273465000,61.28929206879819
2026-02-22,2026-02-28,Professional & Business Services,12799000,811852000,63.43089303851863
2026-02-22,2026-02-28,Public Utilities & Services,985000,60014000,60.927918781725886
2026-02-22,2026-02-28,Recreation & Culture,3618000,323434000,89.39579878385848
2026-02-22,2026-02-28,Restaurants & Cafés,38178000,1216931000,31.875189899942374
2026-02-22,2026-02-28,Telecommunication,4250000,196318000,46.192470588235295
2026-02-22,2026-02-28,Transportation,6820000,1167294000,171.1574780058651
2026-03-01,2026-03-07,"Apparel, Clothing & Accessories",17118000,2501967000,146.16000701016475
2026-03-01,2026-03-07,Bakeries & Pastries,6640000,292613000,44.068222891566265
2026-03-01,2026-03-07,Construction & Building Materials,2739000,388545000,141.8565169769989
2026-03-01,2026-03-07,Education,117000,130705000,1117.1367521367522
2026-03-01,2026-03-07,Electronic & Electric Devices,2094000,206593000,98.65950334288443
2026-03-01,2026-03-07,Food & Beverages,52952000,2499822000,47.20920833962834
2026-03-01,2026-03-07,Furniture & Home Supplies,3552000,606547000,170.76210585585585
2026-03-01,2026-03-07,Gas Stations,15295000,897895000,58.70513239620791
2026-03-01,2026-03-07,Health,10126000,972154000,96.00572782935019
2026-03-01,2026-03-07,Hotels,711000,334829000,470.9268635724332
2026-03-01,2026-03-07,Jewelry,489000,693112000,1417.4069529652352
2026-03-01,2026-03-07,Laundry Services,2613000,58289000,22.307309605817068
2026-03-01,2026-03-07,Others,39348000,2506215000,63.69358035986581
2026-03-01,2026-03-07,Professional & Business Services,13865000,907144000,65.42690227190768
2026-03-01,2026-03-07,Public Utilities & Services,1020000,62904000,61.67058823529412
2026-03-01,2026-03-07,Recreation & Culture,3582000,338554000,94.51535455053043
2026-03-01,2026-03-07,Restaurants & Cafés,42427000,1395723000,32.89704669196502
2026-03-01,2026-03-07,Telecommunication,4477000,212814000,47.53495644404735
2026-03-01,2026-03-07,Transportation,7047000,1128721000,160.17042713211296
2026-03-08,2026-03-14,"Apparel, Clothing & Accessories",19821000,2833146000,142.9365824125927
2026-03-08,2026-03-14,Bakeries & Pastries,6779000,339719000,50.113438560259624
2026-03-08,2026-03-14,Construction & Building Materials,2758000,371135000,134.56671501087746
2026-03-08,2026-03-14,Education,76000,44348000,583.5263157894736
2026-03-08,2026-03-14,Electronic & Electric Devices,2038000,195388000,95.87242394504416
2026-03-08,2026-03-14,Food & Beverages,51441000,2257461000,43.884469586516595
2026-03-08,2026-03-14,Furniture & Home Supplies,3838000,604801000,157.5823345492444
2026-03-08,2026-03-14,Gas Stations,14682000,840348000,57.23661626481406
2026-03-08,2026-03-14,Health,9851000,946300000,96.06131357222617
2026-03-08,2026-03-14,Hotels,724000,449830000,621.3121546961326
2026-03-08,2026-03-14,Jewelry,590000,785396000,1331.1796610169492
2026-03-08,2026-03-14,Laundry Services,2795000,59694000,21.35742397137746
2026-03-08,2026-03-14,Others,39631000,2475729000,62.469506194645604
2026-03-08,2026-03-14,Professional & Business Services,14071000,894477000,63.56882950749769
2026-03-08,2026-03-14,Public Utilities & Services,966000,57976000,60.01656314699793
2026-03-08,2026-03-14,Recreation & Culture,3467000,331426000,95.59446207095472
2026-03-08,2026-03-14,Restaurants & Cafés,42398000,1392442000,32.842162366149346
2026-03-08,2026-03-14,Telecommunication,4276000,188900000,44.17680074836296
2026-03-08,2026-03-14,Transportation,6727000,1080732000,160.65586442693623
2026-03-15,2026-03-21,"Apparel, Clothing & Accessories",18235000,2334244000,128.00899369344666
2026-03-15,2026-03-21,Bakeries & Pastries,7623000,521945000,68.46976256067165
2026-03-15,2026-03-21,Construction & Building Materials,2389000,246698000,103.26412724989535
2026-03-15,2026-03-21,Education,44000,11930000,271.1363636363636
2026-03-15,2026-03-21,Electronic & Electric Devices,1898000,151877000,80.01949420442571
2026-03-15,2026-03-21,Food & Beverages,49008000,2114391000,43.143792850146916
2026-03-15,2026-03-21,Furniture & Home Supplies,3447000,457545000,132.73716275021758
2026-03-15,2026-03-21,Gas Stations,14657000,824532000,56.25516817902709
2026-03-15,2026-03-21,Health,11013000,823826000,74.80486697539271
2026-03-15,2026-03-21,Hotels,747000,362386000,485.12182061579654
2026-03-15,2026-03-21,Jewelry,637000,1003903000,1575.9858712715857
2026-03-15,2026-03-21,Laundry Services,4036000,74390000,18.431615460852328
2026-03-15,2026-03-21,Others,38134000,2175746000,57.05527875386794
2026-03-15,2026-03-21,Professional & Business Services,13242000,753544000,56.90560338317475
2026-03-15,2026-03-21,Public Utilities & Services,805000,44511000,55.293167701863354
2026-03-15,2026-03-21,Recreation & Culture,3685000,339198000,92.0483039348711
2026-03-15,2026-03-21,Restaurants & Cafés,43956000,1601667000,36.43796068796069
2026-03-15,2026-03-21,Telecommunication,4165000,173596000,41.6797118847539
2026-03-15,2026-03-21,Transportation,6177000,777435000,125.8596406022341
2026-03-22,2026-03-28,"Apparel, Clothing & Accessories",8233000,991487000,120.4283979108466
2026-03-22,2026-03-28,Bakeries & Pastries,6064000,271852000,44.83047493403694
2026-03-22,2026-03-28,Construction & Building Materials,2241000,271823000,121.29540383757251
2026-03-22,2026-03-28,Education,63000,33043000,524.4920634920635
2026-03-22,2026-03-28,Electronic & Electric Devices,1800000,156715000,87.06388888888888
2026-03-22,2026-03-28,Food & Beverages,49789000,2153000000,43.242483279439234
2026-03-22,2026-03-28,Furniture & Home Supplies,2268000,349838000,154.2495590828924
2026-03-22,2026-03-28,Gas Stations,16074000,954278000,59.36779892994899
2026-03-22,2026-03-28,Health,8610000,667355000,77.50929152148665
2026-03-22,2026-03-28,Hotels,891000,325613000,365.4466891133558
2026-03-22,2026-03-28,Jewelry,369000,785888000,2129.777777777778
2026-03-22,2026-03-28,Laundry Services,3227000,61862000,19.170127052990395
2026-03-22,2026-03-28,Others,35620000,1923090000,53.98905109489051
2026-03-22,2026-03-28,Professional & Business Services,11924000,654476000,54.88728614558873
2026-03-22,2026-03-28,Public Utilities & Services,762000,45703000,59.97769028871391
2026-03-22,2026-03-28,Recreation & Culture,3624000,352244000,97.19757174392936
2026-03-22,2026-03-28,Restaurants & Cafés,57700000,1983755000,34.38050259965338
2026-03-22,2026-03-28,Telecommunication,4306000,180452000,41.90710636321412
2026-03-22,2026-03-28,Transportation,6261000,807248000,128.93275834531224
2026-03-29,2026-04-04,"Apparel, Clothing & Accessories",9117000,1075823000,118.00186464845892
2026-03-29,2026-04-04,Bakeries & Pastries,6705000,268963000,40.1137956748695
2026-03-29,2026-04-04,Construction & Building Materials,2738000,412133000,150.52337472607744
2026-03-29,2026-04-04,Education,227000,296546000,1306.3700440528635
2026-03-29,2026-04-04,Electronic & Electric Devices,2153000,216006000,100.32791453785416
2026-03-29,2026-04-04,Food & Beverages,56864000,2448257000,43.05460396736072
2026-03-29,2026-04-04,Furniture & Home Supplies,2712000,478576000,176.4660766961652
2026-03-29,2026-04-04,Gas Stations,17500000,1020575000,58.31857142857143
2026-03-29,2026-04-04,Health,10320000,920007000,89.14796511627907
2026-03-29,2026-04-04,Hotels,752000,265080000,352.5
2026-03-29,2026-04-04,Jewelry,337000,553228000,1641.626112759644
2026-03-29,2026-04-04,Laundry Services,3319000,65865000,19.84483278095812
2026-03-29,2026-04-04,Others,40648000,2274755000,55.962285967329265
2026-03-29,2026-04-04,Professional & Business Services,13732000,801911000,58.397247305563646
2026-03-29,2026-04-04,Public Utilities & Services,929000,60848000,65.4983853606028
2026-03-29,2026-04-04,Recreation & Culture,4230000,399106000,94.35130023640662
2026-03-29,2026-04-04,Restaurants & Cafés,62127000,1819451000,29.285994817068264
2026-03-29,2026-04-04,Telecommunication,5077000,217316000,42.80401812093756
2026-03-29,2026-04-04,Transportation,7019000,1112994000,158.5687419860379
2026-04-05,2026-04-11,"Apparel, Clothing & Accessories",8676000,995841000,114.7811203319502
2026-04-05,2026-04-11,Bakeries & Pastries,6693000,251003000,37.502315852383084
2026-04-05,2026-04-11,Construction & Building Materials,2712000,404333000,149.09033923303835
2026-04-05,2026-04-11,Education,213000,220093000,1033.3004694835681
2026-04-05,2026-04-11,Electronic & Electric Devices,2071000,200641000,96.88121680347658
2026-04-05,2026-04-11,Food & Beverages,56383000,2168393000,38.458276430839085
2026-04-05,2026-04-11,Furniture & Home Supplies,2613000,443498000,169.7275162648297
2026-04-05,2026-04-11,Gas Stations,17490000,999421000,57.14242424242424
2026-04-05,2026-04-11,Health,10085000,891879000,88.43619236489836
2026-04-05,2026-04-11,Hotels,719000,215178000,299.2739916550765
2026-04-05,2026-04-11,Jewelry,290000,414007000,1427.6103448275862
2026-04-05,2026-04-11,Laundry Services,3108000,56148000,18.065637065637066
2026-04-05,2026-04-11,Others,39871000,2030098000,50.91665621629756
2026-04-05,2026-04-11,Professional & Business Services,13657000,744804000,54.53642820531596
2026-04-05,2026-04-11,Public Utilities & Services,897000,55130000,61.46042363433668
2026-04-05,2026-04-11,Recreation & Culture,4226000,344516000,81.5229531471841
2026-04-05,2026-04-11,Restaurants & Cafés,61778000,1780565000,28.82199164751206
2026-04-05,2026-04-11,Telecommunication,4738000,182950000,38.61333896158717
2026-04-05,2026-04-11,Transportation,6568000,975531000,148.52786236297197
2026-04-12,2026-04-18,"Apparel, Clothing & Accessories",7953000,907300000,114.08273607443732
2026-04-12,2026-04-18,Bakeries & Pastries,6469000,233971000,36.16803215334673
2026-04-12,2026-04-18,Construction & Building Materials,2600000,384093000,147.7280769230769
2026-04-12,2026-04-18,Education,181000,160186000,885.0055248618785
2026-04-12,2026-04-18,Electronic & Electric Devices,1958000,185040000,94.50459652706844
2026-04-12,2026-04-18,Food & Beverages,54593000,1997249000,36.584342314948806
2026-04-12,2026-04-18,Furniture & Home Supplies,2406000,413695000,171.94305901911886
2026-04-12,2026-04-18,Gas Stations,17073000,959404000,56.19422479939085
2026-04-12,2026-04-18,Health,9513000,822362000,86.44612635341112
2026-04-12,2026-04-18,Hotels,711000,236518000,332.6554149085795
2026-04-12,2026-04-18,Jewelry,252000,342426000,1358.8333333333333
2026-04-12,2026-04-18,Laundry Services,2888000,50046000,17.32894736842105
2026-04-12,2026-04-18,Others,38179000,1849359000,48.439168129076194
2026-04-12,2026-04-18,Professional & Business Services,13098000,688726000,52.5825316842266
2026-04-12,2026-04-18,Public Utilities & Services,862000,51268000,59.475638051044086
2026-04-12,2026-04-18,Recreation & Culture,3795000,295463000,77.85586297760211
2026-04-12,2026-04-18,Restaurants & Cafés,58986000,1663083000,28.19453768690876
2026-04-12,2026-04-18,Telecommunication,4463000,159088000,35.645978041676
2026-04-12,2026-04-18,Transportation,6000000,911744000,151.95733333333334
2026-04-19,2026-04-25,"Apparel, Clothing & Accessories",7764000,902565000,116.25
2026-04-19,2026-04-25,Bakeries & Pastries,6183000,221838000,35.87869966035905
2026-04-19,2026-04-25,Construction & Building Materials,2531000,380514000,150.3413670485974
2026-04-19,2026-04-25,Education,186000,157259000,845.4784946236559
2026-04-19,2026-04-25,Electronic & Electric Devices,1897000,182928000,96.43015287295731
2026-04-19,2026-04-25,Food & Beverages,52737000,1901255000,36.05163357794338
2026-04-19,2026-04-25,Furniture & Home Supplies,2208000,398712000,180.57608695652175
2026-04-19,2026-04-25,Gas Stations,17036000,945128000,55.478281286687015
2026-04-19,2026-04-25,Health,9006000,784026000,87.05596269153898
2026-04-19,2026-04-25,Hotels,859000,331951000,386.43888242142026
2026-04-19,2026-04-25,Jewelry,231000,341200000,1477.0562770562772
2026-04-19,2026-04-25,Laundry Services,2711000,47093000,17.37108078199926
2026-04-19,2026-04-25,Others,37060000,1802348000,48.63324338909876
2026-04-19,2026-04-25,Professional & Business Services,12943000,673248000,52.01637951015993
2026-04-19,2026-04-25,Public Utilities & Services,822000,50288000,61.17761557177616
2026-04-19,2026-04-25,Recreation & Culture,3582000,278693000,77.8037409268565
2026-04-19,2026-04-25,Restaurants & Cafés,57160000,1611004000,28.184114765570328
2026-04-19,2026-04-25,Telecommunication,4446000,154216000,34.68645973909132
2026-04-19,2026-04-25,Transportation,5841000,911904000,156.12121212121212
2026-04-26,2026-05-02,"Apparel, Clothing & Accessories",11201000,1381452000,123.33291670386572
2026-04-26,2026-05-02,Bakeries & Pastries,7382000,306621000,41.5363045245191
2026-04-26,2026-05-02,Construction & Building Materials,3076000,436185000,141.8026657997399
2026-04-26,2026-05-02,Education,227000,237773000,1047.4581497797358
2026-04-26,2026-05-02,Electronic & Electric Devices,2398000,239915000,100.04795663052543
2026-04-26,2026-05-02,Food & Beverages,61925000,2831875000,45.73072264836496
2026-04-26,2026-05-02,Furniture & Home Supplies,3073000,610892000,198.79336153595835
2026-04-26,2026-05-02,Gas Stations,19608000,1158887000,59.10276417788658
2026-04-26,2026-05-02,Health,11258000,1021256000,90.71380351749866
2026-04-26,2026-05-02,Hotels,956000,355192000,371.5397489539749
2026-04-26,2026-05-02,Jewelry,344000,499539000,1452.1482558139535
2026-04-26,2026-05-02,Laundry Services,3546000,76257000,21.50507614213198
2026-04-26,2026-05-02,Others,45145000,2643855000,58.56362830878281
2026-04-26,2026-05-02,Professional & Business Services,15594000,906435000,58.12716429395922
2026-04-26,2026-05-02,Public Utilities & Services,1008000,65136000,64.61904761904762
2026-04-26,2026-05-02,Recreation & Culture,4716000,394383000,83.6265903307888
2026-04-26,2026-05-02,Restaurants & Cafés,65663000,1987443000,30.26731949499718
2026-04-26,2026-05-02,Telecommunication,5538000,243602000,43.987360057782595
2026-04-26,2026-05-02,Transportation,8018000,1234762000,153.99875280618608
2026-05-03,2026-05-09,"Apparel, Clothing & Accessories",9990000,1201529000,120.27317317317318
2026-05-03,2026-05-09,Bakeries & Pastries,6879000,263372000,38.28637883413287
2026-05-03,2026-05-09,Construction & Building Materials,2941000,417965000,142.11662699761985
2026-05-03,2026-05-09,Education,215000,210264000,977.9720930232559
2026-05-03,2026-05-09,Electronic & Electric Devices,2183000,216288000,99.07833256985799
2026-05-03,2026-05-09,Food & Beverages,58689000,2256672000,38.4513622655012
2026-05-03,2026-05-09,Furniture & Home Supplies,2830000,587088000,207.45159010600707
2026-05-03,2026-05-09,Gas Stations,18011000,1024383000,56.87540947198934
2026-05-03,2026-05-09,Health,10243000,929042000,90.70018549253149
2026-05-03,2026-05-09,Hotels,691000,185887000,269.01157742402313
2026-05-03,2026-05-09,Jewelry,314000,445519000,1418.8503184713377
2026-05-03,2026-05-09,Laundry Services,3199000,58825000,18.388558924663958
2026-05-03,2026-05-09,Others,41888000,2184735000,52.15658422459893
2026-05-03,2026-05-09,Professional & Business Services,14540000,788217000,54.21024759284732
2026-05-03,2026-05-09,Public Utilities & Services,921000,56301000,61.13029315960912
2026-05-03,2026-05-09,Recreation & Culture,4367000,345215000,79.05083581406
2026-05-03,2026-05-09,Restaurants & Cafés,61655000,1768456000,28.68309139566945
2026-05-03,2026-05-09,Telecommunication,4996000,184891000,37.007806244996
2026-05-03,2026-05-09,Transportation,6990000,1045981000,149.63962804005723
2026-05-10,2026-05-16,"Apparel, Clothing & Accessories",10263000,1224327000,119.29523531131248
2026-05-10,2026-05-16,Bakeries & Pastries,6800000,255535000,37.578676470588235
2026-05-10,2026-05-16,Construction & Building Materials,2900000,410149000,141.43068965517242
2026-05-10,2026-05-16,Education,191000,164070000,859.0052356020942
2026-05-10,2026-05-16,Electronic & Electric Devices,2131000,202045000,94.8122946973252
2026-05-10,2026-05-16,Food & Beverages,58446000,2135010000,36.52961708243507
2026-05-10,2026-05-16,Furniture & Home Supplies,2788000,528188000,189.45050215208033
2026-05-10,2026-05-16,Gas Stations,18047000,1006734000,55.78400842245249
2026-05-10,2026-05-16,Health,10125000,895661000,88.46034567901235
2026-05-10,2026-05-16,Hotels,674000,177030000,262.6557863501484
2026-05-10,2026-05-16,Jewelry,319000,427811000,1341.1003134796238
2026-05-10,2026-05-16,Laundry Services,3078000,55237000,17.94574398960364
2026-05-10,2026-05-16,Others,41479000,2099909000,50.62583475975795
2026-05-10,2026-05-16,Professional & Business Services,14644000,772089000,52.7239142310844
2026-05-10,2026-05-16,Public Utilities & Services,906000,54128000,59.7439293598234
2026-05-10,2026-05-16,Recreation & Culture,4135000,320475000,77.503022974607
2026-05-10,2026-05-16,Restaurants & Cafés,61221000,1729401000,28.248493164110354
2026-05-10,2026-05-16,Telecommunication,4799000,173014000,36.05209418628881
2026-05-10,2026-05-16,Transportation,6840000,1047540000,153.14912280701753
2026-05-17,2026-05-23,"Apparel, Clothing & Accessories",11870000,1540353000,129.76857624262848
2026-05-17,2026-05-23,Bakeries & Pastries,6610000,270727000,40.9571860816944
2026-05-17,2026-05-23,Construction & Building Materials,2814000,406863000,144.5852878464819
2026-05-17,2026-05-23,Education,142000,142932000,1006.5633802816901
2026-05-17,2026-05-23,Electronic & Electric Devices,2012000,201484000,100.14115308151094
2026-05-17,2026-05-23,Food & Beverages,56139000,2135329000,38.0364630648925
2026-05-17,2026-05-23,Furniture & Home Supplies,2849000,485807000,170.51842751842753
2026-05-17,2026-05-23,Gas Stations,17366000,967087000,55.688529310146265
2026-05-17,2026-05-23,Health,9370000,886526000,94.61323372465314
2026-05-17,2026-05-23,Hotels,662000,193306000,292.0030211480362
2026-05-17,2026-05-23,Jewelry,374000,560128000,1497.668449197861
2026-05-17,2026-05-23,Laundry Services,2764000,53144000,19.227206946454412
2026-05-17,2026-05-23,Others,39934000,2260712000,56.61120849401512
2026-05-17,2026-05-23,Professional & Business Services,14159000,796037000,56.2212726887492
2026-05-17,2026-05-23,Public Utilities & Services,872000,54038000,61.97018348623853
2026-05-17,2026-05-23,Recreation & Culture,3749000,341452000,91.07815417444652
2026-05-17,2026-05-23,Restaurants & Cafés,58824000,1726050000,29.342615259077927
2026-05-17,2026-05-23,Telecommunication,4623000,175246000,37.90741942461605
2026-05-17,2026-05-23,Transportation,6581000,1066402000,162.04254672542166
2026-05-24,2026-05-30,"Apparel, Clothing & Accessories",14604000,1751538000,119.9354971240756
2026-05-24,2026-05-30,Bakeries & Pastries,8029000,442966000,55.170756009465684
2026-05-24,2026-05-30,Construction & Building Materials,2561000,229117000,89.46388129636861
2026-05-24,2026-05-30,Education,46000,16365000,355.7608695652174
2026-05-24,2026-05-30,Electronic & Electric Devices,2063000,151451000,73.4129907901115
2026-05-24,2026-05-30,Food & Beverages,58384000,2457152000,42.08605097286928
2026-05-24,2026-05-30,Furniture & Home Supplies,3091000,406775000,131.59980588806212
2026-05-24,2026-05-30,Gas Stations,17358000,996040000,57.38218688789031
2026-05-24,2026-05-30,Health,10089000,719981000,71.3629695708197
2026-05-24,2026-05-30,Hotels,835000,263090000,315.07784431137725
2026-05-24,2026-05-30,Jewelry,404000,472959000,1170.6905940594058
2026-05-24,2026-05-30,Laundry Services,3969000,78108000,19.679516250944822
2026-05-24,2026-05-30,Others,41928000,2287262000,54.552136996756346
2026-05-24,2026-05-30,Professional & Business Services,15058000,752889000,49.9992694913003
2026-05-24,2026-05-30,Public Utilities & Services,904000,49109000,54.32411504424779
2026-05-24,2026-05-30,Recreation & Culture,4080000,389883000,95.55955882352941
2026-05-24,2026-05-30,Restaurants & Cafés,55946000,1968185000,35.18008436706825
2026-05-24,2026-05-30,Telecommunication,5125000,205364000,40.0710243902439
2026-05-24,2026-05-30,Transportation,6462000,743145000,115.00232126276694
2026-05-31,2026-06-06,"Apparel, Clothing & Accessories",8821000,1068423000,121.12266182972452
2026-05-31,2026-06-06,Bakeries & Pastries,6538000,267837000,40.96619761394922
2026-05-31,2026-06-06,Construction & Building Materials,2774000,392571000,141.51802451333813
2026-05-31,2026-06-06,Education,122000,147301000,1207.3852459016393
2026-05-31,2026-06-06,Electronic & Electric Devices,2060000,205302000,99.6611650485437
2026-05-31,2026-06-06,Food & Beverages,56533000,2296471000,40.62177843029735
2026-05-31,2026-06-06,Furniture & Home Supplies,2582000,453715000,175.72230828814872
2026-05-31,2026-06-06,Gas Stations,17187000,980401000,57.043172165008436
2026-05-31,2026-06-06,Health,9737000,860376000,88.36150765122727
2026-05-31,2026-06-06,Hotels,691000,195939000,283.5586107091172
2026-05-31,2026-06-06,Jewelry,351000,550745000,1569.0740740740741
2026-05-31,2026-06-06,Laundry Services,3071000,59320000,19.316183653533052
2026-05-31,2026-06-06,Others,39392000,2149552000,54.568237205523964
2026-05-31,2026-06-06,Professional & Business Services,14256000,790141000,55.42515432098765
2026-05-31,2026-06-06,Public Utilities & Services,889000,56442000,63.48931383577053
2026-05-31,2026-06-06,Recreation & Culture,3973000,357785000,90.05411527812736
2026-05-31,2026-06-06,Restaurants & Cafés,58050000,1713132000,29.511317829457365
2026-05-31,2026-06-06,Telecommunication,4871000,191214000,39.25559433381236
2026-05-31,2026-06-06,Transportation,6851000,1031145000,150.51014450445192
2026-06-07,2026-06-13,"Apparel, Clothing & Accessories",8312000,966687000,116.30016843118383
2026-06-07,2026-06-13,Bakeries & Pastries,6380000,238327000,37.35532915360501
2026-06-07,2026-06-13,Construction & Building Materials,2797000,399497000,142.83053271362175
2026-06-07,2026-06-13,Education,163000,210914000,1293.9509202453987
2026-06-07,2026-06-13,Electronic & Electric Devices,2022000,201900000,99.85163204747775
2026-06-07,2026-06-13,Food & Beverages,56659000,2102715000,37.111756296440106
2026-06-07,2026-06-13,Furniture & Home Supplies,2551000,439134000,172.14190513524107
2026-06-07,2026-06-13,Gas Stations,17407000,957690000,55.017521686677775
2026-06-07,2026-06-13,Health,9301000,846143000,90.97333620040855
2026-06-07,2026-06-13,Hotels,648000,188145000,290.34722222222223
2026-06-07,2026-06-13,Jewelry,368000,638839000,1735.9755434782608
2026-06-07,2026-06-13,Laundry Services,2879000,51234000,17.79576241750608
2026-06-07,2026-06-13,Others,39551000,2005734000,50.71259892290966
2026-06-07,2026-06-13,Professional & Business Services,14344000,760619000,53.026979921918574
2026-06-07,2026-06-13,Public Utilities & Services,879000,54001000,61.43458475540387
2026-06-07,2026-06-13,Recreation & Culture,4306000,328382000,76.26149558755225
2026-06-07,2026-06-13,Restaurants & Cafés,58363000,1635603000,28.024656032075114
2026-06-07,2026-06-13,Telecommunication,4756000,177482000,37.3174936921783
2026-06-07,2026-06-13,Transportation,6491000,1024036000,157.76244030195656
2026-06-14,2026-06-20,"Apparel, Clothing & Accessories",7857000,922003000,117.34796996309024
2026-06-14,2026-06-20,Bakeries & Pastries,6044000,222484000,36.810721376571806
2026-06-14,2026-06-20,Construction & Building Materials,2659000,382178000,143.72997367431364
2026-06-14,2026-06-20,Education,146000,220807000,1512.376712328767
2026-06-14,2026-06-20,Electronic & Electric Devices,1905000,192186000,100.88503937007874
2026-06-14,2026-06-20,Food & Beverages,54337000,1935392000,35.618307966947015
2026-06-14,2026-06-20,Furniture & Home Supplies,2382000,406847000,170.8005877413938
2026-06-14,2026-06-20,Gas Stations,16822000,906549000,53.89067887290453
2026-06-14,2026-06-20,Health,8603000,788881000,91.69836103684761
2026-06-14,2026-06-20,Hotels,635000,197381000,310.83622047244097
2026-06-14,2026-06-20,Jewelry,314000,493781000,1572.5509554140128
2026-06-14,2026-06-20,Laundry Services,2610000,45546000,17.45057471264368
2026-06-14,2026-06-20,Others,37604000,1877251000,49.921577491756196
2026-06-14,2026-06-20,Professional & Business Services,13668000,765650000,56.017705589698565
2026-06-14,2026-06-20,Public Utilities & Services,792000,47932000,60.52020202020202
2026-06-14,2026-06-20,Recreation & Culture,3825000,308023000,80.52888888888889
2026-06-14,2026-06-20,Restaurants & Cafés,56005000,1552223000,27.715793232747075
2026-06-14,2026-06-20,Telecommunication,4526000,162013000,35.7960671674768
2026-06-14,2026-06-20,Transportation,6004000,945061000,157.40522984676883
2026-06-21,2026-06-27,"Apparel, Clothing & Accessories",8309000,1021550000,122.94499939824287
2026-06-21,2026-06-27,Bakeries & Pastries,6011000,230601000,38.36316752620196
2026-06-21,2026-06-27,Construction & Building Materials,2611000,374318000,143.36193029490616
2026-06-21,2026-06-27,Education,134000,203922000,1521.8059701492537
2026-06-21,2026-06-27,Electronic & Electric Devices,1889000,188327000,99.69666490206458
2026-06-21,2026-06-27,Food & Beverages,53427000,1974701000,36.960731465363956
2026-06-21,2026-06-27,Furniture & Home Supplies,2400000,407293000,169.70541666666668
2026-06-21,2026-06-27,Gas Stations,16991000,915760000,53.8967688776411
2026-06-21,2026-06-27,Health,8584000,791241000,92.17625815470643
2026-06-21,2026-06-27,Hotels,706000,231429000,327.8031161473088
2026-06-21,2026-06-27,Jewelry,317000,477603000,1506.634069400631
2026-06-21,2026-06-27,Laundry Services,2558000,46078000,18.013291634089132
2026-06-21,2026-06-27,Others,37183000,1925318000,51.779522900250115
2026-06-21,2026-06-27,Professional & Business Services,13587000,730375000,53.75542798263046
2026-06-21,2026-06-27,Public Utilities & Services,772000,47891000,62.034974093264246
2026-06-21,2026-06-27,Recreation & Culture,3462000,329927000,95.29953783939919
2026-06-21,2026-06-27,Restaurants & Cafés,54592000,1578012000,28.905553927315356
2026-06-21,2026-06-27,Telecommunication,4767000,179782000,37.71386616320537
2026-06-21,2026-06-27,Transportation,6007000,950562000,158.24238388546695
2026-06-28,2026-07-04,"Apparel, Clothing & Accessories",12182000,1487080000,122.07190937448695
2026-06-28,2026-07-04,Bakeries & Pastries,7065000,306790000,43.423920736022644
2026-06-28,2026-07-04,Construction & Building Materials,3162000,441729000,139.69924098671726
2026-06-28,2026-07-04,Education,161000,211117000,1311.2857142857142
2026-06-28,2026-07-04,Electronic & Electric Devices,2316000,237085000,102.36830742659758
2026-06-28,2026-07-04,Food & Beverages,61196000,2760525000,45.10956598470488
2026-06-28,2026-07-04,Furniture & Home Supplies,3213000,549199000,170.93028322440088
2026-06-28,2026-07-04,Gas Stations,19115000,1117017000,58.43667277007586
2026-06-28,2026-07-04,Health,11047000,1043271000,94.4393047886304
2026-06-28,2026-07-04,Hotels,965000,307245000,318.38860103626945
2026-06-28,2026-07-04,Jewelry,428000,573452000,1339.8411214953271
2026-06-28,2026-07-04,Laundry Services,3458000,74100000,21.428571428571427
2026-06-28,2026-07-04,Others,44679000,2760196000,61.77837462790125
2026-06-28,2026-07-04,Professional & Business Services,16692000,975870000,58.46333572969087
2026-06-28,2026-07-04,Public Utilities & Services,938000,66553000,70.95202558635394
2026-06-28,2026-07-04,Recreation & Culture,4400000,450558000,102.39954545454546
2026-06-28,2026-07-04,Restaurants & Cafés,64006000,2018337000,31.53355935381058
2026-06-28,2026-07-04,Telecommunication,5687000,264425000,46.496395287497805
2026-06-28,2026-07-04,Transportation,8065000,1284945000,159.32362058276505
2026-07-05,2026-07-11,"Apparel, Clothing & Accessories",10446000,1203219000,115.18466398621482
2026-07-05,2026-07-11,Bakeries & Pastries,6619000,262176000,39.60960870222088
2026-07-05,2026-07-11,Construction & Building Materials,2999000,411007000,137.0480160053351
2026-07-05,2026-07-11,Education,142000,122272000,861.0704225352113
2026-07-05,2026-07-11,Electronic & Electric Devices,2133000,207556000,97.30707923112986
2026-07-05,2026-07-11,Food & Beverages,57806000,2213702000,38.295367262913885
2026-07-05,2026-07-11,Furniture & Home Supplies,2908000,485205000,166.85178817056396
2026-07-05,2026-07-11,Gas Stations,17785000,1011818000,56.891650267079
2026-07-05,2026-07-11,Health,9987000,901449000,90.26224091318714
2026-07-05,2026-07-11,Hotels,959000,306208000,319.2992700729927
2026-07-05,2026-07-11,Jewelry,347000,421366000,1214.3112391930836
2026-07-05,2026-07-11,Laundry Services,3147000,57486000,18.26692087702574
2026-07-05,2026-07-11,Others,41483000,2246622000,54.15765494298869
2026-07-05,2026-07-11,Professional & Business Services,15872000,848740000,53.47404233870968
2026-07-05,2026-07-11,Public Utilities & Services,854000,58844000,68.903981264637
2026-07-05,2026-07-11,Recreation & Culture,3932000,360460000,91.6734486266531
2026-07-05,2026-07-11,Restaurants & Cafés,60940000,1846589000,30.301755825402036
2026-07-05,2026-07-11,Telecommunication,5073000,194956000,38.4301202444313
2026-07-05,2026-07-11,Transportation,7087000,1075944000,151.81938761111894
2026-07-19,2026-07-25,"Apparel, Clothing & Accessories",8463000,964306000,113.94375516956163
2026-07-19,2026-07-25,Bakeries & Pastries,5846000,215139000,36.80106055422511
2026-07-19,2026-07-25,Construction & Building Materials,2717000,383469000,141.1369157158631
2026-07-19,2026-07-25,Education,121000,104668000,865.0247933884298
2026-07-19,2026-07-25,Electronic & Electric Devices,1895000,183188000,96.66912928759895
2026-07-19,2026-07-25,Food & Beverages,53125000,1911501000,35.98119529411765
2026-07-19,2026-07-25,Furniture & Home Supplies,2470000,413410000,167.37246963562754
2026-07-19,2026-07-25,Gas Stations,16618000,909706000,54.74220724515585
2026-07-19,2026-07-25,Health,8704000,761026000,87.43405330882354
2026-07-19,2026-07-25,Hotels,885000,295330000,333.70621468926555
2026-07-19,2026-07-25,Jewelry,279000,346795000,1242.9928315412187
2026-07-19,2026-07-25,Laundry Services,2594000,45766000,17.643022359290672
2026-07-19,2026-07-25,Others,37505000,1888121000,50.34318090921211
2026-07-19,2026-07-25,Professional & Business Services,14371000,734985000,51.14362257323777
2026-07-19,2026-07-25,Public Utilities & Services,745000,50633000,67.96375838926174
2026-07-19,2026-07-25,Recreation & Culture,3451000,297210000,86.12286293827876
2026-07-19,2026-07-25,Restaurants & Cafés,55554000,1644006000,29.592936602224864
2026-07-19,2026-07-25,Telecommunication,4680000,160791000,34.35705128205128
2026-07-19,2026-07-25,Transportation,6132000,953638000,155.51826484018264
2026-07-26,2026-08-01,"Apparel, Clothing & Accessories",11838000,1408597000,118.98944078391621
2026-07-26,2026-08-01,Bakeries & Pastries,6758000,285481000,42.24341521160107
2026-07-26,2026-08-01,Construction & Building Materials,3200000,431544000,134.8575
2026-07-26,2026-08-01,Education,139000,177832000,1279.36690647482
2026-07-26,2026-08-01,Electronic & Electric Devices,2308000,221602000,96.01473136915078
2026-07-26,2026-08-01,Food & Beverages,60711000,2691606000,44.33473340910214
2026-07-26,2026-08-01,Furniture & Home Supplies,3128000,516103000,164.9945652173913
2026-07-26,2026-08-01,Gas Stations,18987000,1117868000,58.875441091272975
2026-07-26,2026-08-01,Health,10863000,983832000,90.56724661695664
2026-07-26,2026-08-01,Hotels,1106000,367627000,332.39330922242317
2026-07-26,2026-08-01,Jewelry,359000,418648000,1166.150417827298
2026-07-26,2026-08-01,Laundry Services,3340000,70403000,21.07874251497006
2026-07-26,2026-08-01,Others,44496000,2628594000,59.07483818770226
2026-07-26,2026-08-01,Professional & Business Services,17207000,968317000,56.274597547509735
2026-07-26,2026-08-01,Public Utilities & Services,891000,64022000,71.85409652076319
2026-07-26,2026-08-01,Recreation & Culture,4408000,412907000,93.67218693284937
2026-07-26,2026-08-01,Restaurants & Cafés,63676000,2044388000,32.1060996293737
2026-07-26,2026-08-01,Telecommunication,5704000,246158000,43.15532959326788
2026-07-26,2026-08-01,Transportation,7992000,1255052000,157.03853853853855
2026-08-02,2026-08-08,"Apparel, Clothing & Accessories",10805000,1259303000,116.54817214252661
2026-08-02,2026-08-08,Bakeries & Pastries,6409000,256351000,39.998595724762055
2026-08-02,2026-08-08,Construction & Building Materials,3107000,408823000,131.58126810428067
2026-08-02,2026-08-08,Education,141000,274114000,1944.0709219858156
2026-08-02,2026-08-08,Electronic & Electric Devices,2143000,204339000,95.35184321045264
2026-08-02,2026-08-08,Food & Beverages,58407000,2280490000,39.04480627322067
2026-08-02,2026-08-08,Furniture & Home Supplies,2937000,469233000,159.76608784473953
2026-08-02,2026-08-08,Gas Stations,17823000,1026344000,57.58536722212871
2026-08-02,2026-08-08,Health,10055000,886156000,88.13088015912481
2026-08-02,2026-08-08,Hotels,1111000,363661000,327.3276327632763
2026-08-02,2026-08-08,Jewelry,321000,365680000,1139.1900311526479
2026-08-02,2026-08-08,Laundry Services,3099000,58199000,18.779929009357858
2026-08-02,2026-08-08,Others,41925000,2260491000,53.917495527728086
2026-08-02,2026-08-08,Professional & Business Services,16384000,877747000,53.57342529296875
2026-08-02,2026-08-08,Public Utilities & Services,835000,56718000,67.92574850299401
2026-08-02,2026-08-08,Recreation & Culture,4169000,369746000,88.68937395058767
2026-08-02,2026-08-08,Restaurants & Cafés,61232000,1899926000,31.02831852626078
2026-08-02,2026-08-08,Telecommunication,5225000,192466000,36.8355980861244
2026-08-02,2026-08-08,Transportation,7293000,1086225000,148.9407651172357
2026-08-09,2026-08-15,"Apparel, Clothing & Accessories",10532000,1243800000,118.09722749715154
2026-08-09,2026-08-15,Bakeries & Pastries,6278000,240800000,38.35616438356164
2026-08-09,2026-08-15,Construction & Building Materials,3050000,393604000,129.05049180327867
2026-08-09,2026-08-15,Education,160000,446079000,2787.99375
2026-08-09,2026-08-15,Electronic & Electric Devices,2075000,194742000,93.85156626506024
2026-08-09,2026-08-15,Food & Beverages,58088000,2196275000,37.809444291419915
2026-08-09,2026-08-15,Furniture & Home Supplies,2641000,422875000,160.11927300265052
2026-08-09,2026-08-15,Gas Stations,18082000,1021976000,56.518969140581795
2026-08-09,2026-08-15,Health,9799000,846033000,86.33870803143178
2026-08-09,2026-08-15,Hotels,1047000,348782000,333.12511938872973
2026-08-09,2026-08-15,Jewelry,294000,320013000,1088.4795918367347
2026-08-09,2026-08-15,Laundry Services,2949000,53282000,18.06781959986436
2026-08-09,2026-08-15,Others,41365000,2155534000,52.110093073854706
2026-08-09,2026-08-15,Professional & Business Services,16121000,838048000,51.98486446250232
2026-08-09,2026-08-15,Public Utilities & Services,830000,55114000,66.40240963855422
2026-08-09,2026-08-15,Recreation & Culture,3941000,349417000,88.66201471707689
2026-08-09,2026-08-15,Restaurants & Cafés,60235000,1823980000,30.281065825516727
2026-08-09,2026-08-15,Telecommunication,5068000,179133000,35.34589581689029
2026-08-09,2026-08-15,Transportation,7127000,1062042000,149.01669706748982
