Week Start,Week End,Transaction Count,Transaction Value SAR,Average Ticket SAR,Data Status
2020-05-10,2020-05-16,38132000,6002585000,157.41594985838665,Validated historical
2020-05-17,2020-05-23,41324000,6491277000,157.08249443422707,Validated historical
2020-05-24,2020-05-30,29082000,3253178000,111.86225156454164,Validated historical
2020-05-31,2020-06-06,50281000,7854373000,156.20956226009824,Validated historical
2020-06-07,2020-06-13,48209000,7295830000,151.33750959364434,Validated historical
2020-06-14,2020-06-20,46704000,7261242000,155.47366392600205,Validated historical
2020-06-20,2020-06-26,53786000,9191345000,170.88731268359797,Validated historical
2020-06-28,2020-07-04,62811000,10467067000,166.6438521914951,Validated historical
2020-07-05,2020-07-11,58929000,6704612000,113.77440648916493,Validated historical
2020-07-12,2020-07-18,57092000,6529708000,114.37168079590836,Validated historical
2020-07-19,2020-07-25,57513000,6802955000,118.28551805678715,Validated historical
2020-07-26,2020-08-01,68315000,8196841000,119.9859620873893,Validated historical
2020-08-02,2020-08-08,57244000,6038164000,105.48116833205226,Validated historical
2020-08-09,2020-08-15,61057000,6738170000,110.35868123229113,Validated historical
2020-08-16,2020-08-22,58543000,6598093000,112.70507148591633,Validated historical
2020-08-23,2020-08-29,65156000,8548839000,131.20570630486833,Validated historical
2020-08-30,2020-09-05,69654000,8452834000,121.35460992907801,Validated historical
2020-09-06,2020-09-12,67353000,7331647000,108.85405252921177,Validated historical
2020-09-13,2020-09-19,64385000,6878859000,106.83946571406383,Validated historical
2020-09-20,2020-09-26,67003000,7677157000,114.57930241929466,Validated historical
2020-09-27,2020-10-03,75427000,9029472000,119.71140307847323,Validated historical
2020-10-04,2020-10-10,69849000,7394428000,105.86304743088662,Validated historical
2020-10-11,2020-10-17,68564000,6923797000,100.98297940610233,Validated historical
2020-10-18,2020-10-24,65150000,6712407000,103.03003837298542,Validated historical
2020-10-25,2020-10-31,77718000,9149055000,117.7211842816336,Validated historical
2020-11-01,2020-11-07,74869000,8077497000,107.88840508087459,Validated historical
2020-11-08,2020-11-14,73330000,7520741000,102.56022091913269,Validated historical
2020-11-15,2020-11-21,70091000,7229498000,103.14445506555764,Validated historical
2020-11-22,2020-11-28,76623000,8647581000,112.85881523824439,Validated historical
2020-11-29,2020-12-05,80816000,9004770000,111.42310928529004,Validated historical
2020-12-06,2020-12-12,76453000,7976889000,104.3371613932743,Validated historical
2020-12-13,2020-12-19,73145000,7484796000,102.32819741609133,Validated historical
2020-12-20,2020-12-26,72225000,7602041000,105.25498096227068,Validated historical
2020-12-27,2021-01-02,90695000,10738139000,118.39835713104361,Validated historical
2021-01-03,2021-01-09,81579000,8516478000,104.3954694222778,Validated historical
2021-01-10,2021-01-16,81146000,8184169000,100.85733123012841,Validated historical
2021-01-17,2021-01-23,72492000,7509711000,103.5936517132925,Validated historical
2021-01-24,2021-01-30,85085000,9302243000,109.32882411705941,Validated historical
2021-01-31,2021-02-06,83184000,8555927000,102.85544095018273,Validated historical
2021-02-07,2021-02-13,78653000,7631010000,97.02121978818354,Validated historical
2021-02-14,2021-02-20,75594000,7188188000,95.08939862952086,Validated historical
2021-02-21,2021-02-27,74531000,7341772000,98.50628597496343,Validated historical
2021-02-28,2021-03-06,91204000,9879423000,108.32225560282444,Validated historical
2021-03-07,2021-03-13,87814000,8548601000,97.34895346983397,Validated historical
2021-03-14,2021-03-20,86005000,8458197000,98.34541015057265,Validated historical
2021-03-21,2021-03-27,86553000,8820932000,101.91364828486591,Validated historical
2021-03-28,2021-04-03,101622000,11374969000,111.93411859636693,Validated historical
2021-04-04,2021-04-10,96104000,10043116000,104.50258053775077,Validated historical
2021-04-11,2021-04-17,81624000,8196797000,100.42140791923944,Validated historical
2021-04-18,2021-04-24,72190000,7315068000,101.33076603407675,Validated historical
2021-04-25,2021-05-01,91781000,10731129000,116.92102940695787,Validated historical
2021-05-02,2021-05-08,94300000,10877479000,115.34972428419937,Validated historical
2021-05-09,2021-05-15,90900000,8621659000,94.84773377337734,Validated historical
2021-05-16,2021-05-22,82211000,7054100000,85.80481930641885,Validated historical
2021-05-23,2021-05-29,96535000,9168264000,94.97347076189983,Validated historical
2021-05-30,2021-06-05,102397000,9499108000,92.76744435872145,Validated historical
2021-06-06,2021-06-12,100417000,8876817000,88.39954390192895,Validated historical
2021-06-13,2021-06-19,94783000,8289609000,87.45881645442748,Validated historical
2021-06-20,2021-06-26,94112000,8357901000,88.8080266065964,Validated historical
2021-06-27,2021-07-03,111340000,10749770000,96.54903897970182,Validated historical
2021-07-04,2021-07-10,104460000,9352060000,89.52766609228412,Validated historical
2021-07-11,2021-07-17,106481000,9527998000,89.48073365201303,Validated historical
2021-07-18,2021-07-24,84706000,6123767000,72.294371118929,Validated historical
2021-07-25,2021-07-31,106791000,9713267000,90.95585770336452,Validated historical
2021-08-01,2021-08-07,105714000,9020717000,85.33133738199292,Validated historical
2021-08-08,2021-08-14,104697000,8714454000,83.23499240665922,Validated historical
2021-08-15,2021-08-21,96937000,8002233000,82.55086293159475,Validated historical
2021-08-22,2021-08-28,110497000,10539869000,95.38601952994199,Validated historical
2021-08-29,2021-09-04,112375000,10196698000,90.73813570634037,Validated historical
2021-09-05,2021-09-11,110220000,9021053000,81.84588096534205,Validated historical
2021-09-12,2021-09-18,104519000,8373128000,80.11106114677715,Validated historical
2021-09-19,2021-09-25,103627000,8852013000,85.42187846796685,Validated historical
2021-09-26,2021-10-02,119137000,11027353000,92.56027094857181,Validated historical
2021-10-03,2021-10-09,113012000,9157727000,81.03322656001133,Validated historical
2021-10-10,2021-10-16,111255000,8679016000,78.01012089344299,Validated historical
2021-10-17,2021-10-23,102766000,8021859000,78.05946519276803,Validated historical
2021-10-24,2021-10-30,118497000,10344975000,87.30157725512038,Validated historical
2021-10-31,2021-11-06,118141000,10003145000,84.67124029761048,Validated historical
2021-11-07,2021-11-13,115481000,9173759000,79.43955282687195,Validated historical
2021-11-14,2021-11-20,107843000,8459378000,78.441604925679,Validated historical
2021-11-21,2021-11-27,112231000,9418425000,83.91999536669904,Validated historical
2021-11-28,2021-12-04,129984000,12059075000,92.77353366568192,Validated historical
2021-12-05,2021-12-11,120149000,10010872000,83.32047707429942,Validated historical
2021-12-12,2021-12-18,113088000,9048190000,80.01016907187324,Validated historical
2021-12-19,2021-12-25,107557000,8646156000,80.38673447567336,Validated historical
2021-12-26,2022-01-01,132018000,11839906000,89.68402793558454,Validated historical
2022-01-02,2022-01-08,122898000,10226806000,83.2137707692558,Validated historical
2022-01-09,2022-01-15,120676000,9505021000,78.76479996022407,Validated historical
2022-01-16,2022-01-22,111506000,8773967000,78.6860527684609,Validated historical
2022-01-23,2022-01-29,125208000,10448882000,83.45219155325539,Validated historical
2022-01-30,2022-02-05,129020000,10548396000,81.75783599441947,Validated historical
2022-02-06,2022-02-12,122877000,9326155000,75.89829667065439,Validated historical
2022-02-13,2022-02-19,118885000,8819070000,74.18151995626025,Validated historical
2022-02-20,2022-02-26,120587000,9407791000,78.01662699959365,Validated historical
2022-02-27,2022-03-05,139521000,12018026000,86.13775704015883,Validated historical
2022-03-06,2022-03-12,135386000,10807910000,79.83033696246288,Validated historical
2022-03-13,2022-03-19,128050000,10735263000,83.83649355720422,Validated historical
2022-03-20,2022-03-26,128246000,10667760000,83.18200957534738,Validated historical
2022-03-27,2022-04-02,153351000,14051493000,91.62961441399143,Validated historical
2022-04-03,2022-04-09,110387000,9639991000,87.32904236911955,Validated historical
2022-04-10,2022-04-16,114444000,9990842000,87.29895844255707,Validated historical
2022-04-17,2022-04-23,112462000,10424423000,92.69284736177553,Validated historical
2022-04-24,2022-04-30,153055000,15971636000,104.3522655254647,Validated historical
2022-05-01,2022-05-07,120147000,8402910000,69.93857524532447,Validated historical
2022-05-08,2022-05-14,128325000,9318581000,72.61703487239431,Validated historical
2022-05-15,2022-05-21,124158000,8810663000,70.96331287552957,Validated historical
2022-05-22,2022-05-28,139381000,10970997000,78.71228503167576,Validated historical
2022-05-29,2022-06-04,144698000,11167982000,77.18131556759596,Validated historical
2022-06-05,2022-06-11,142458000,10344656000,72.6154796501425,Validated historical
2022-06-12,2022-06-18,135206000,9928864000,73.43508424182359,Validated historical
2022-06-19,2022-06-25,126682000,9421756000,74.37328112912647,Validated historical
2022-06-26,2022-07-02,159518000,13433950000,84.21588786218483,Validated historical
2022-07-03,2022-07-09,151178000,12090467000,79.97504266493802,Validated historical
2022-07-10,2022-07-16,122999000,8067197000,65.5875007113879,Validated historical
2022-07-17,2022-07-23,125027000,8947386000,71.56363025586474,Validated historical
2022-07-24,2022-07-30,147102000,11422332000,77.64905983603214,Validated historical
2022-07-31,2022-08-06,145051000,10803070000,74.47773541719809,Validated historical
2022-08-07,2022-08-13,143471000,10302193000,71.80679719246399,Validated historical
2022-08-14,2022-08-20,138608000,10191094000,73.52457289622532,Validated historical
2022-08-21,2022-08-27,142718000,11586188000,81.18238764556678,Validated historical
2022-08-28,2022-09-03,162486000,13501996000,83.09636522531171,Validated historical
2022-09-04,2022-09-10,147651000,10588140000,71.71058780502672,Validated historical
2022-09-11,2022-09-17,147526000,10243845000,69.43755676965417,Validated historical
2022-09-18,2022-09-24,142432000,10425464000,73.19607953268928,Validated historical
2022-09-25,2022-10-01,160613000,12844871000,79.97404319700149,Validated historical
2022-10-02,2022-10-08,154383000,10819841000,70.08440696190642,Validated historical
2022-10-09,2022-10-15,151340000,10265184000,67.82862428967887,Validated historical
2022-10-16,2022-10-22,138928000,9513232000,68.47598756190257,Validated historical
2022-10-23,2022-10-29,156360000,11687179000,74.74532489127654,Validated historical
2022-10-30,2022-11-05,160288000,11749999000,73.30554377121182,Validated historical
2022-11-06,2022-11-12,154213000,10601102000,68.74324473293431,Validated historical
2022-11-13,2022-11-19,145626000,9799178000,67.29003062639913,Validated historical
2022-11-20,2022-11-26,142629000,10022104000,70.26694431006317,Validated historical
2022-11-27,2022-12-03,171207000,13681541000,79.91227578311634,Validated historical
2022-12-04,2022-12-10,153088000,11050401000,72.18332593018394,Validated historical
2022-12-11,2022-12-17,155366000,10739278000,69.1224463524838,Validated historical
2022-12-18,2022-12-24,142409000,9742234000,68.41024092578418,Validated historical
2022-12-25,2022-12-31,168373000,13456632000,79.9215551186948,Validated historical
2023-01-01,2023-01-07,157175000,11173806000,71.09149673930332,Validated historical
2023-01-08,2023-01-14,155827000,10673810000,68.49782130182831,Validated historical
2023-01-15,2023-01-21,144764000,9712989000,67.09533447542206,Validated historical
2023-01-22,2023-01-28,141095000,10105444000,71.62155994188313,Validated historical
2023-01-29,2023-02-04,167916000,12020455000,71.58612044117297,Validated historical
2023-02-05,2023-02-11,160761000,10912252000,67.87872680563072,Validated historical
2023-02-12,2023-02-18,152195000,10347280000,67.98699037419101,Validated historical
2023-02-19,2023-02-25,147813000,10399437000,70.35536116579732,Validated historical
2023-02-26,2023-03-04,182044000,14574055000,80.05787062468414,Validated historical
2023-03-05,2023-03-11,174654000,13209340000,75.63147709185017,Validated historical
2023-03-12,2023-03-18,163255000,11999164000,73.49951915714679,Validated historical
2023-03-19,2023-03-25,146312000,11040364000,75.45767947946854,Validated historical
2023-03-26,2023-04-01,150207000,12704203000,84.57796906935096,Validated historical
2023-04-02,2023-04-08,153826000,12580793000,81.78586844876679,Validated historical
2023-04-09,2023-04-15,156734000,13039319000,83.1939400512971,Validated historical
2023-04-16,2023-04-22,153692000,12003978000,78.10411732556021,Validated historical
2023-04-23,2023-04-29,155411000,10377590000,66.775131747431,Validated historical
2023-04-30,2023-05-06,172577000,11592922000,67.17535940478743,Validated historical
2023-05-07,2023-05-13,171464000,10890228000,63.51320393785284,Validated historical
2023-05-14,2023-05-20,160857000,10092015000,62.73904772561965,Validated historical
2023-05-21,2023-05-27,163445000,10704997000,65.49602006791275,Validated historical
2023-05-28,2023-06-03,188590000,13815212000,73.25527334429185,Validated historical
2023-06-04,2023-06-10,173918000,11686845000,67.19744362285675,Validated historical
2023-06-11,2023-06-17,175694000,11651800000,66.31871321729825,Validated historical
2023-06-18,2023-06-24,171662000,12295713000,71.62745977560554,Validated historical
2023-06-25,2023-07-01,177776000,12123144000,68.19336693366934,Validated historical
2023-07-02,2023-07-08,166489000,11189611000,67.20931112565995,Validated historical
2023-07-09,2023-07-15,171246000,10919162000,63.763019282202215,Validated historical
2023-07-16,2023-07-22,159618000,10120926000,63.407172123444724,Validated historical
2023-07-23,2023-07-29,173387000,11917284000,68.73228096685449,Validated historical
2023-07-30,2023-08-05,183645000,12664717000,68.96303738190531,Validated historical
2023-08-06,2023-08-12,178956000,11969071000,66.88275889045352,Validated historical
2023-08-13,2023-08-19,172775000,12020647000,69.57399508030676,Validated historical
2023-08-20,2023-08-26,166097000,11367723000,68.44026683203188,Validated historical
2023-08-27,2023-09-02,195602000,13836319000,70.73710391509289,Validated historical
2023-09-03,2023-09-09,180155000,11326868000,62.87290388831839,Validated historical
2023-09-10,2023-09-16,181876000,11186112000,61.50405770964833,Validated historical
2023-09-17,2023-09-23,173910000,10869164000,62.498786728767755,Validated historical
2023-09-24,2023-09-30,191142000,13624576000,71.27986523108474,Validated historical
2023-10-01,2023-10-07,189423000,12145547000,64.11864979437556,Validated historical
2023-10-08,2023-10-14,183772000,11146716000,60.65513788825284,Validated historical
2023-10-15,2023-10-21,169962000,10056561000,59.16946729268896,Validated historical
2023-10-22,2023-10-28,186331000,12301917000,66.02184821634619,Validated historical
2023-10-29,2023-11-04,193290000,12779798000,66.11722282580578,Validated historical
2023-11-05,2023-11-11,185865000,11500110000,61.87345654103785,Validated historical
2023-11-12,2023-11-18,180221000,11271436000,62.5423008417443,Validated historical
2023-11-19,2023-11-25,171930000,11247844000,65.42106671319723,Validated historical
2023-11-26,2023-12-02,204688000,14874136000,72.66735714844056,Validated historical
2023-12-03,2023-12-09,187765000,12067066000,64.26685484515218,Validated historical
2023-12-10,2023-12-16,186657000,11637501000,62.34698404024494,Validated historical
2023-12-17,2023-12-23,171770000,10701068000,62.29881818711067,Validated historical
2023-12-24,2023-12-30,198191000,13989326000,70.58507197602313,Validated historical
2023-12-31,2024-01-06,198013000,13393810000,67.64106397054739,Validated historical
2024-01-07,2024-01-13,191673000,12347101000,64.41752881209143,Validated historical
2024-01-14,2024-01-20,172823000,10607691000,61.37893104505766,Validated historical
2024-01-21,2024-01-27,178011000,11039904000,62.01810000505587,Validated historical
2024-01-28,2024-02-03,204897000,14327398000,69.9248793296144,Validated historical
2024-02-04,2024-02-10,188307000,11873061000,63.05161783683028,Validated historical
2024-02-11,2024-02-17,191200000,11965427000,62.580685146443514,Validated historical
2024-02-18,2024-02-24,186346000,12137902000,65.13636997842723,Validated historical
2024-02-25,2024-03-02,212770000,16209237000,76.18196644263759,Validated historical
2024-03-03,2024-03-09,206227000,14768758000,71.61408544952891,Validated historical
2024-03-10,2024-03-16,168615000,11688154000,69.31858968656407,Validated historical
2024-03-17,2024-03-23,160246000,11460980000,71.5211612146325,Validated historical
2024-03-24,2024-03-30,174062000,14028543000,80.59509255322816,Validated historical
2024-03-31,2024-04-06,203174000,16537865000,81.39754594583952,Validated historical
2024-04-07,2024-04-13,179221000,11351346000,63.337142410766596,Validated historical
2024-04-14,2024-04-20,171037000,10138768000,59.2782146553085,Validated historical
2024-04-21,2024-04-27,181035000,10851631000,59.9421714033198,Validated historical
2024-04-28,2024-05-04,214543000,14473512000,67.46205655742672,Validated historical
2024-05-05,2024-05-11,204102000,12522301000,61.35315185544483,Validated historical
2024-05-12,2024-05-18,193645000,11654021000,60.182400784941514,Validated historical
2024-05-19,2024-05-25,184464000,11206542000,60.75191907364039,Validated historical
2024-05-26,2024-06-01,219685000,15222754000,69.29355213146096,Validated historical
2024-06-02,2024-06-08,207807000,13641820000,65.64658553369232,Validated historical
2024-06-09,2024-06-15,213379000,14234899000,66.71180856597884,Validated historical
2024-06-16,2024-06-22,155643000,8343012000,53.60351573793874,Validated historical
2024-06-23,2024-06-29,189693000,12349544000,65.10279240667816,Validated historical
2024-06-30,2024-07-06,205033000,13321929000,64.97456019274946,Validated historical
2024-07-07,2024-07-13,197524000,11994930000,60.72644336890707,Validated historical
2024-07-14,2024-07-20,183787000,10934576000,59.495916468520626,Validated historical
2024-07-21,2024-07-27,184097000,11243476000,61.07365139029968,Validated historical
2024-07-28,2024-08-03,216478000,14711144000,67.95676234998476,Validated historical
2024-08-04,2024-08-10,201984000,13093782000,64.82583769011407,Validated historical
2024-08-11,2024-08-17,204274000,13568097000,66.42106680243202,Validated historical
2024-08-18,2024-08-24,185431000,11661097000,62.88644832848876,Validated historical
2024-08-25,2024-08-31,212838000,14045215000,65.99016622971462,Validated historical
2024-09-01,2024-09-07,213455000,13350722000,62.545838701365625,Validated historical
2024-09-08,2024-09-14,207410000,12202959000,58.83495974157466,Validated historical
2024-09-15,2024-09-21,197263000,11972276000,60.69194932653361,Validated historical
2024-09-22,2024-09-28,207724000,13392037000,64.47034045175329,Validated historical
2024-09-29,2024-10-05,218525000,13737373000,62.86407962475689,Validated historical
2024-10-06,2024-10-12,208495000,12276115000,58.879661382766976,Validated historical
2024-10-13,2024-10-19,198249000,11358111000,57.29214775358262,Validated historical
2024-10-20,2024-10-26,192099000,11097564000,57.77002483094655,Validated historical
2024-10-27,2024-11-02,227769000,15164681000,66.57921402824792,Validated historical
2024-11-03,2024-11-09,214579000,13435403000,62.61285121097591,Validated historical
2024-11-10,2024-11-16,212147000,13234850000,62.38528001810066,Validated historical
2024-11-17,2024-11-23,193588000,11500389000,59.40651796598963,Validated historical
2024-11-24,2024-11-30,219145000,14330646000,65.3934426977572,Validated historical
2024-12-01,2024-12-07,221698000,14226040000,64.16855361798483,Validated historical
2024-12-08,2024-12-14,212700000,12849924000,60.41337094499295,Validated historical
2024-12-15,2024-12-21,196486000,11803821000,60.0746160031758,Validated historical
2024-12-22,2024-12-28,211971000,13832731000,65.25765788716382,Validated historical
2024-12-29,2025-01-04,224944000,15101053000,67.13249964435593,Validated historical
2025-01-05,2025-01-11,216521000,13404697000,61.90945451018608,Validated historical
2025-01-12,2025-01-18,198570000,11776267000,59.30536838394521,Validated historical
2025-01-19,2025-01-25,191451000,11172911000,58.35911538722702,Validated historical
2025-01-26,2025-02-01,232673000,15496109000,66.60037477489868,Validated historical
2025-02-02,2025-02-08,219583000,13732155000,62.53742320671454,Validated historical
2025-02-09,2025-02-15,216651000,13320771000,61.48492737167149,Validated historical
2025-02-16,2025-02-22,210088000,13045971000,62.097649556376375,Validated historical
2025-02-23,2025-03-01,231399000,17575070000,75.95136539051595,Validated historical
2025-03-02,2025-03-08,185481000,13096977000,70.61088197712974,Validated historical
2025-03-09,2025-03-15,193126000,13623620000,70.54265091183994,Validated historical
2025-03-16,2025-03-22,193645000,14477278000,74.7619509927961,Validated historical
2025-03-23,2025-03-29,245751000,20098053000,81.78218196467155,Validated historical
2025-03-30,2025-04-05,191591000,10540296000,55.01456749012219,Validated historical
2025-04-06,2025-04-12,209078000,12304763000,58.85250002391452,Validated historical
2025-04-13,2025-04-19,201963000,11454006000,56.713388095839335,Validated historical
2025-04-20,2025-04-26,199751000,11367972000,56.910713838729215,Validated historical
2025-04-27,2025-05-03,241008000,15479776000,64.22930359158202,Validated historical
2025-05-04,2025-05-10,221097000,13101028000,59.25466198094049,Validated historical
2025-05-11,2025-05-17,217622000,12386705000,56.918441150251354,Validated historical
2025-05-18,2025-05-24,205980000,11710386000,56.852053597436644,Validated historical
2025-05-25,2025-05-31,237955000,15577180000,65.46271353827404,Validated historical
2025-06-01,2025-06-07,228177000,14119767000,61.880763617717825,Validated historical
2025-06-08,2025-06-14,203781000,11116197000,54.549722496209164,Validated historical
2025-06-15,2025-06-21,202512000,10944967000,54.04601702615154,Validated historical
2025-06-22,2025-06-28,219952000,13615757000,61.90331072233942,Validated historical
2025-06-29,2025-07-05,230488000,14299229000,62.03893044323349,Validated historical
2025-07-06,2025-07-12,223571000,13128222000,58.72059435257703,Validated historical
2025-07-13,2025-07-19,212732000,12193510000,57.3186450557509,Official current
2025-07-20,2025-07-26,206458000,11870322000,57.49509343304692,Official current
2025-07-27,2025-08-02,244038000,15606245000,63.95006105606504,Official current
2025-08-03,2025-08-09,228521000,13680152000,59.863872466863,Official current
2025-08-10,2025-08-16,224781000,13471640000,59.93228965081568,Official current
2025-08-17,2025-08-23,213176000,13407434000,62.89373100161369,Official current
2025-08-24,2025-08-30,236994000,15795114000,66.64773791741563,Official current
2025-08-31,2025-09-06,242499000,14945808000,61.63245209258595,Official current
2025-09-07,2025-09-13,231057000,13108421000,56.732412348468124,Official current
2025-09-14,2025-09-20,217801000,12403573000,56.94910950822081,Official current
2025-09-21,2025-09-27,221433000,12771870000,57.67825933803905,Official current
2025-09-28,2025-10-04,252994000,16147183000,63.824371328964325,Official current
2025-10-05,2025-10-11,237240000,13418972000,56.56285617939639,Official current
2025-10-12,2025-10-18,222704000,12207275000,54.813900962712836,Official current
2025-10-19,2025-10-25,212751000,11689294000,54.94354433116648,Official current
2025-10-26,2025-11-01,254450000,16027264000,62.987871880526626,Official current
2025-11-02,2025-11-08,235474000,13714743000,58.24313087644496,Official current
2025-11-09,2025-11-15,232669000,13077994000,56.20857957011892,Official current
2025-11-16,2025-11-22,220149000,12503777000,56.79688302013636,Official current
2025-11-23,2025-11-29,240249000,15098393000,62.8447693850963,Official current
2025-11-30,2025-12-06,236182000,14447659000,61.17171926734468,Official current
2025-12-07,2025-12-13,236121000,13311312000,56.374960295780554,Official current
2025-12-14,2025-12-20,218298000,12488356000,57.20783516111004,Official current
2025-12-21,2025-12-27,220659000,13028075000,59.04166610018173,Official current
2025-12-28,2026-01-03,255361000,17016822000,66.63829637258625,Official current
2026-01-04,2026-01-10,236700000,14200139000,59.992137727080696,Official current
2026-01-11,2026-01-17,236533000,14005842000,59.21305695188409,Official current
2026-01-18,2026-01-24,213617000,12521193000,58.61515235210681,Official current
2026-01-25,2026-01-31,248823000,16001231000,64.30768457899792,Official current
2026-02-01,2026-02-07,256151000,16105436000,62.874773083064284,Official current
2026-02-08,2026-02-14,252070000,15336629000,60.8427381282977,Official current
2026-02-15,2026-02-21,220570000,13904810000,63.040350002266855,Official current
2026-02-22,2026-02-28,210534000,14533498000,69.0315958467516,Official current
2026-03-01,2026-03-07,226214000,16135144000,71.32690284420947,Official current
2026-03-08,2026-03-14,226928000,16149247000,71.16462930973701,Official current
2026-03-15,2026-03-21,223899000,14793365000,66.07159924787516,Official current
2026-03-22,2026-03-28,219827000,12969718000,58.99965882261961,Official current
2026-03-29,2026-04-04,246506000,14707441000,59.66362279214299,Official current
2026-04-05,2026-04-11,242786000,13374028000,55.085663918018334,Official current
2026-04-12,2026-04-18,231978000,12311023000,53.06978679012665,Official current
2026-04-19,2026-04-25,225203000,12076169000,53.62348192519638,Official current
2026-04-26,2026-05-02,270677000,16631460000,61.443935022185116,Official current
2026-05-03,2026-05-09,251541000,14170631000,56.33527337491701,Official current
2026-05-10,2026-05-16,249784000,13678351000,54.76071725971239,Official current
2026-05-17,2026-05-23,241716000,14263625000,59.009850402952225,Official current
2026-05-24,2026-05-30,250935000,14381381000,57.31118018610397,Official current
2026-05-31,2026-06-06,238750000,13767813000,57.666232460732985,Official current
2026-06-07,2026-06-13,238177000,13227080000,55.53466539590305,Official current
2026-06-14,2026-06-20,226738000,12372188000,54.56601010858348,Official current
2026-06-21,2026-06-27,224307000,12604690000,56.19392172335237,Official current
2026-06-28,2026-07-04,268776000,16929495000,62.987376105009375,Official current
2026-07-05,2026-07-11,250518000,14235619000,56.824735148771744,Official current
2026-07-12,2026-07-18,,,,MISSING — do not interpolate
2026-07-19,2026-07-25,226156000,12263687000,54.226670970480555,Official current
2026-07-26,2026-08-01,267108000,16310584000,61.06362969285832,Official current
2026-08-02,2026-08-08,253421000,14596013000,57.59590957339763,Official current
2026-08-09,2026-08-15,249682000,14191529000,56.83841446319719,Official current
